Workbook

Sheet Form Responses
A1: Timestamp | B1: Email Address | C1: Team Name | D1: SIH Interested Category | E1: Team Leader Roll Number (Member 1) | F1: Team Leader Name (Member 1) | G1: Team Leader Year of Study (Member 1) | H1: Team Leader Department (Member 1) | I1: Team Leader Contact Number (Member 1) | J1: Team Leader College Mail ID (Member 1) | K1: Roll Number (Member 2) | L1: Student Name (Member 2) | M1: Year of Study (Member 2) | N1: Department (Member 2) | O1: Roll Number (Member 3) | P1: Student Name (Member 3) | Q1: Year of Study (Member 3) | R1: Department (Member 3) | S1: Roll Number (Member 4) | T1: Student Name (Member 4) | U1: Year of Study (Member 4) | V1: Department (Member 4) | W1: Roll Number (Member 5) | X1: Student Name (Member 5) | Y1: Year of Study (Member 5) | Z1: Department (Member 5) | AA1: Roll Number (Member 6) | AB1: Student Name (Member 6) | AC1: Year of Study (Member 6) | AD1: Department (Member 6) | AE1: Acknowledgment
A2: 46238.493 | B2: manishraghul.sj2023cse@sece.ac.in | C2: AUTOM SQUAD | D2: Hardware | E2: 23CS083 | F2: MANISH RAGHUL S J | G2: IV | H2: CSE | I2: 8220563218 | J2: manishraghul.sj2023cse@sece.ac.in | K2: 24CC005 | L2: ANGELIN SHARMELL E | M2: III | N2: CCE | O2: 25CS147 | P2: NETHRA V D | Q2: II | R2: CSE | S2: 25CS150 | T2: NIRMAL S R | U2: II | V2: CSE | W2: 25EC033 | X2: DEVANAND I | Y2: II | Z2: ECE | AA2: 25CS030 | AB2: DEEPIKA K | AC2: II | AD2: CSE | AE2: I acknowledge that all the team details provided in this form are correct and accurate to the best of my knowledge. I understand that I am responsible for ensuring the accuracy of the information submitted and accept responsibility for any errors or omissions.
A3: 46238.5 | B3: anas.f2024csbs@sece.ac.in | C3: TEAM JARVIS | D3: Hardware | E3: 25AD030 | F3: DEEPAK M S | G3: II | H3: AI & DS | I3: 9361137378 | J3: deepak.ms2025aids@sece.ac.in | K3: 24CB002 | L3: ANAS F | M3: III | N3: CSBS | O3: 25AD019 | P3: ATCHAYA E | Q3: II | R3: AI & DS | S3: 25AD031 | T3: DEEPALAKSHMI S | U3: II | V3: AI & DS | W3: 25EE059 | X3: VIJAY KARUPPUSAMY S | Y3: II | Z3: EEE | AA3: 25EE033 | AB3: NESA RAJAN R | AC3: II | AD3: EEE | AE3: I acknowledge that all the team details provided in this form are correct and accurate to the best of my knowledge. I understand that I am responsible for ensuring the accuracy of the information submitted and accept responsibility for any errors or omissions.
A4: 46238.613 | B4: nithish.s2024aids@sece.ac.in | C4: Syntax Squad | D4: Software | E4: 24AD147 | F4: Nithish S | G4: III | H4: AI & DS | I4: 9080463640 | J4: nithish.s2024aids@sece.ac.in | K4: 24AD163 | L4: PREM NARAYN N L | M4: III | N4: AI & DS | O4: 24AD134 | P4: MUKESH KANNAN T | Q4: III | R4: AI & DS | S4: 24AD168 | T4: RAGHAV V | U4: III | V4: AI & DS | W4: 24CS171 | X4: POOJA P | Y4: III | Z4: CSE | AA4: 24CS275 | AB4: ZERA SHAHADIYA S | AC4: III | AD4: CSE | AE4: I acknowledge that all the team details provided in this form are correct and accurate to the best of my knowledge. I understand that I am responsible for ensuring the accuracy of the information submitted and accept responsibility for any errors or omissions.
A5: 46238.616 | B5: vasanthraj.sm2024csbs@sece.ac.in | C5: Code Catalyst | D5: Software | E5: 24CB061 | F5: Vasanthraj S M | G5: III | H5: CSBS | I5: 8270404017 | J5: vasanthraj.sm2024csbs@sece.ac.in | K5: 24CB028 | L5: Nitin K | M5: III | N5: CSBS | O5: 24CB053 | P5: SriSuthan V P R | Q5: III | R5: CSBS | S5: 24CB016 | T5: Ilakiya K | U5: III | V5: CSBS | W5: 24CB041 | X5: Sandhya S | Y5: III | Z5: CSBS | AA5: 24AD225 | AB5: Sujitha P | AC5: III | AD5: AI & DS | AE5: I acknowledge that all the team details provided in this form are correct and accurate to the best of my knowledge. I understand that I am responsible for ensuring the accuracy of the information submitted and accept responsibility for any errors or omissions.
A6: 46238.927 | B6: vishwahari.m2025ece@sece.ac.in | C6: PHEONIX CREW | D6: Hardware | E6: 25CC060 | F6: THIVYA SRIEE S M | G6: II | H6: CCE | I6: 8072742100 | J6: thivyasriee.sm2025cce@sece.ac.in | K6: 25EC152 | L6: SHREE AKILA R | M6: II | N6: ECE | O6: 25EC161 | P6: SRINITHI M | Q6: II | R6: ECE | S6: 25EC184 | T6: VISHWA HARI M | U6: II | V6: ECE | W6: 25ME012 | X6: JEEVANIGA S B | Y6: II | Z6: MECH | AA6: 25CS201 | AB6: SANTHISH N | AC6: II | AD6: CSE | AE6: I acknowledge that all the team details provided in this form are correct and accurate to the best of my knowledge. I understand that I am responsible for ensuring the accuracy of the information submitted and accept responsibility for any errors or omissions.
A7: 46239.39 | B7: saumyajitpurakayastha.2024cse@sece.ac.in | C7: Team RBC | D7: Software | E7: 24CS218 | F7: SAUMYAJIT PURAKAYASTHA | G7: III | H7: CSE | I7: 9159156405 | J7: saumyajitpurakayastha.2024cse@sece.ac.in | K7: 24CS223 | L7: SHANKAR L | M7: III | N7: CSE | O7: 24CS270 | P7: YAAZHVENDHAN M | Q7: III | R7: CSE | S7: 25CS028 | T7: DEBADRUTI PURAKAYASTHA | U7: II | V7: CSE | W7: 24AD224 | X7: Suji G | Y7: II | Z7: AI&DS | AA7: 25CB040 | AB7: Rithish Krishna A | AC7: II | AD7: CSBS | AE7: I acknowledge that all the team details provided in this form are correct and accurate to the best of my knowledge. I understand that I am responsible for ensuring the accuracy of the information submitted and accept responsibility for any errors or omissions.
A8: 46239.567 | B8: sivavashini.s2023csbs@sece.ac.in | C8: Team Tech | D8: Software | E8: 23CB051 | F8: SIVAVASHINI S | G8: IV | H8: CSBS | I8: 9003467635 | J8: sivavashini.s2023csbs@sece.ac.in | K8: 23CB004 | L8: ANGUPRANISA U | M8: IV | N8: CSBS | O8: 23AD116 | P8: SAKTHIVEL M | Q8: IV | R8: AI & DS | S8: 23AD118 | T8: SANDHYA A | U8: IV | V8: CSBS | W8: 23CC044 | X8: SAMUVEL GIPSON S | Y8: IV | Z8: CCE | AA8: 23AD128 | AB8: SELVAMOUNIKA K | AC8: IV | AD8: AI & DS | AE8: I acknowledge that all the team details provided in this form are correct and accurate to the best of my knowledge. I understand that I am responsible for ensuring the accuracy of the information submitted and accept responsibility for any errors or omissions.
A9: 46239.617 | B9: akshaysrinivasan.2025cse@sece.ac.in | C9: IDEAFORGE | D9: Software | E9: 25CS007 | F9: AKSHAY SRINIVASAN | G9: II | H9: CSE | I9: 7873737353 | J9: akshaysrinivasan.2025cse@sece.ac.in | K9: 25CS050 | L9: ELIYAS J | M9: II | N9: CSE | O9: 25CS064 | P9: HARIHARAN S D | Q9: II | R9: CSE | S9: 25CS065 | T9: HARIKISHAN J | U9: II | V9: CSE | W9: 25CS014 | X9: ASHEENA A | Y9: II | Z9: CSE | AA9: 25CS013 | AB9: ARUN R | AC9: II | AD9: CSE | AE9: I acknowledge that all the team details provided in this form are correct and accurate to the best of my knowledge. I understand that I am responsible for ensuring the accuracy of the information submitted and accept responsibility for any errors or omissions.
A10: 46239.628 | B10: sridharsan.s2025csbs@sece.ac.in | C10: TEAM AURA | D10: Software | E10: 25CB054 | F10: SRI DHARSAN S | G10: II | H10: CSBS | I10: 6369201441 | J10: sridharsan.s2025csbs@sece.ac.in | K10: 25CB001 | L10: AKSHAYA VA | M10: II | N10: CSBS | O10: 25CB035 | P10: PRANAV M | Q10: II | R10: CSBS | S10: 25CB021 | T10: JOSHITHAA SK | U10: II | V10: CSBS | W10: 25EC084 | X10: LAKSHNA S | Y10: II | Z10: ECE | AA10: LATERAL | AB10: MONIKKA SRI BG | AC10: II | AD10: ECE | AE10: I acknowledge that all the team details provided in this form are correct and accurate to the best of my knowledge. I understand that I am responsible for ensuring the accuracy of the information submitted and accept responsibility for any errors or omissions.
A11: 46239.632 | B11: rithimalya.pk2025cse@sece.ac.in | C11: Spark squad | D11: Hardware | E11: 25CS186 | F11: V Rithika | G11: II | H11: CSE | I11: +91 76048 58266 | J11: rithika.v2025cse@sece.ac.in | K11: 25CS187 | L11: Rithi Malya P K | M11: II | N11: CSE | O11: 25AD116 | P11: Mahanth P | Q11: II | R11: AI & DS | S11: 25AD109 | T11: Kunal B | U11: II | V11: AI & DS | W11: 25AD115 | X11: Mahanithi M.A | Y11: II | Z11: AI & DS | AA11: 25AM011 | AB11: Bavishyaa | AC11: II | AD11: CSE (AIML) | AE11: I acknowledge that all the team details provided in this form are correct and accurate to the best of my knowledge. I understand that I am responsible for ensuring the accuracy of the information submitted and accept responsibility for any errors or omissions.
A12: 46239.651 | B12: parthivsriram.b2025cse@sece.ac.in | C12: Tech Vortex | D12: Software | E12: 25CS174 | F12: PRAVEEN.G | G12: II | H12: CSE | I12: 8680008969 | J12: praveen.g2025cse@sece.ac.in | K12: 25CS164 | L12: PARTHIV SRIRAM B | M12: II | N12: CSE | O12: 25CS179 | P12: RAGAV CS | Q12: II | R12: CSE | S12: 25CS185 | T12: RITHIKA P | U12: II | V12: CSE | W12: 25CS165 | X12: PAVITHRA V | Y12: II | Z12: CSE | AA12: 25EC056 | AB12: HARSHAN GK | AC12: II | AD12: ECE | AE12: I acknowledge that all the team details provided in this form are correct and accurate to the best of my knowledge. I understand that I am responsible for ensuring the accuracy of the information submitted and accept responsibility for any errors or omissions.
A13: 46239.709 | B13: devakash.kl2025aids@sece.ac.in | C13: HEXA ELITE | D13: Software | E13: 25AD034 | F13: DEV AKASH K L | G13: II | H13: AI & DS | I13: 9025116542 | J13: devakash.kl2025aids@sece.ac.in | K13: 25AD021 | L13: AZEEM M S | M13: II | N13: AI & DS | O13: 25AD024 | P13: BHARATH KUMAR S | Q13: II | R13: AI & DS | S13: 25EC008 | T13: ADLIEN G A | U13: II | V13: ECE | W13: 25EC057 | X13: HARSHINI N | Y13: II | Z13: ECE | AA13: 25CC004 | AB13: DEVADHARUN R | AC13: II | AD13: CCE | AE13: I acknowledge that all the team details provided in this form are correct and accurate to the best of my knowledge. I understand that I am responsible for ensuring the accuracy of the information submitted and accept responsibility for any errors or omissions.
A14: 46239.721 | B14: ragu.r2025eee@sece.ac.in | C14: Tech X | D14: Hardware | E14: 25EE007 | F14: DHANYASHREE SJ | G14: II | H14: EEE | I14: 82203 37742 | J14: dhanyashree.sj2025eee@sece.ac.in | K14: 25EE041 | L14: RAGU R | M14: II | N14: EEE | O14: 25EE042 | P14: RITHUN K | Q14: II | R14: EEE | S14: 25CS046 | T14: DIVYA DHARSHINI A | U14: II | V14: CSE | W14: 25CS022 | X14: BHAVADHARANI R | Y14: II | Z14: CSE | AA14: 25AD220 | AB14: TARUN T | AC14: II | AD14: AI & DS | AE14: I acknowledge that all the team details provided in this form are correct and accurate to the best of my knowledge. I understand that I am responsible for ensuring the accuracy of the information submitted and accept responsibility for any errors or omissions.
A15: 46239.725 | B15: niketha.m2025ece@sece.ac.in | C15: VISION VORTEX | D15: Hardware | E15: 25EC117 | F15: NIKETHA M | G15: II | H15: ECE | I15: 8667452377 | J15: niketha.m2025ece@sece.ac.in | K15: 25EC093 | L15: MANORANJITHAM S | M15: II | N15: ECE | O15: 25EC071 | P15: KAVI KEERTHANA L | Q15: II | R15: ECE | S15: 25EC094 | T15: MARIRAJ V | U15: II | V15: ECE | W15: 25EC070 | X15: KARTHIKEYAN S | Y15: II | Z15: ECE | AA15: 25EE034 | AB15: NIRANJNA S | AC15: II | AD15: EEE | AE15: I acknowledge that all the team details provided in this form are correct and accurate to the best of my knowledge. I understand that I am responsible for ensuring the accuracy of the information submitted and accept responsibility for any errors or omissions.
A16: 46239.751 | B16: varun.s2025aids@sece.ac.in | C16: Tech veda | D16: Software | E16: 25AD222 | F16: Thamarai Selvan .G | G16: II | H16: AI & DS | I16: 9345054448 | J16: thamaraiselvan.g2025aids@sece.ac.in | K16: 25AD235 | L16: Varun .S | M16: II | N16: AI & DS | O16: 25AD250 | P16: Yakshini.M | Q16: II | R16: AI & DS | S16: 24AD241 | T16: Vikram J | U16: II | V16: AI & DS | W16: 25CC050 | X16: Shafrin.M | Y16: II | Z16: CCE | AA16: 25CC051 | AB16: Shalini.M | AC16: II | AD16: CCE | AE16: I acknowledge that all the team details provided in this form are correct and accurate to the best of my knowledge. I understand that I am responsible for ensuring the accuracy of the information submitted and accept responsibility for any errors or omissions.
A17: 46239.766 | B17: yogash.sa2024it@sece.ac.in | C17: INFINITY BLOOMS | D17: Software | E17: 24IT015 | F17: HARISWARAN M | G17: III | H17: IT | I17: 9786881013 | J17: hariswaran.m2024it@sece.ac.in | K17: 24IT062 | L17: YOGASH S A | M17: III | N17: IT | O17: 24IT501 | P17: KAVIYAA R | Q17: III | R17: IT | S17: 24CS187 | T17: RAMYA M | U17: III | V17: CSE | W17: 24IT056 | X17: SOWMIYA B | Y17: III | Z17: IT | AA17: 24EE010 | AB17: DIVITH S | AC17: III | AD17: EEE | AE17: I acknowledge that all the team details provided in this form are correct and accurate to the best of my knowledge. I understand that I am responsible for ensuring the accuracy of the information submitted and accept responsibility for any errors or omissions.
A18: 46239.796 | B18: sowmya.n2025aids@sece.ac.in | C18: Beyond binary | D18: Hardware | E18: 25AD204 | F18: SOWMYA N | G18: II | H18: AI & DS | I18: 8754696646 | J18: sowmya.n2025aids@sece.ac.in | K18: 25AD218 | L18: TAMILKAVI G | M18: II | N18: AI & DS | O18: 25AD182 | P18: SANGAVI R | Q18: II | R18: AI & DS | S18: 25EC089 | T18: MADHUMITRAA KT | U18: II | V18: ECE | W18: 25AD207 | X18: SRINIDHI K | Y18: II | Z18: AI & DS | AA18: 25AD230 | AB18: VAISHNAVI P | AC18: II | AD18: AI & DS | AE18: I acknowledge that all the team details provided in this form are correct and accurate to the best of my knowledge. I understand that I am responsible for ensuring the accuracy of the information submitted and accept responsibility for any errors or omissions.
A19: 46239.798 | B19: monish.pp2025cse@sece.ac.in | C19: Hack Club | D19: Hardware | E19: 25CS136 | F19: Monish PP | G19: II | H19: CSE | I19: 8870936233 | J19: monish.pp2025cse@sece.ac.in | K19: 25CS141 | L19: NandaKumar K | M19: II | N19: CSE | O19: 25CS130 | P19: Mohamed Faaiz A | Q19: II | R19: CSE | S19: 25CS135 | T19: Mohith M | U19: II | V19: CSE | W19: 25CB041 | X19: Ritika L | Y19: II | Z19: CSBS | AA19: 25IT043 | AB19: Rithiga RT | AC19: II | AD19: IT | AE19: I acknowledge that all the team details provided in this form are correct and accurate to the best of my knowledge. I understand that I am responsible for ensuring the accuracy of the information submitted and accept responsibility for any errors or omissions.
A20: 46239.824 | B20: sudharshan.s2024csbs@sece.ac.in | C20: Unity Minds | D20: Software | E20: 24CB011 | F20: Dharanidharan T | G20: III | H20: CSBS | I20: 6374788857 | J20: dharanidharan.t2024csbs@sece.ac.in | K20: 24CB056 | L20: Sudharshan S | M20: III | N20: CSBS | O20: 24CB063 | P20: Vishwa K | Q20: III | R20: CSBS | S20: 24CB033 | T20: Pratheeka A C | U20: III | V20: CSBS | W20: 24CB045 | X20: Shanjana R S | Y20: III | Z20: CSBS | AA20: 24AM026 | AB20: GOKUL M | AC20: III | AD20: CSE (AIML) | AE20: I acknowledge that all the team details provided in this form are correct and accurate to the best of my knowledge. I understand that I am responsible for ensuring the accuracy of the information submitted and accept responsibility for any errors or omissions.
A21: 46239.865 | B21: mathanghi.rr2025cse@sece.ac.in | C21: HACKMATES | D21: Software | E21: 25CS125 | F21: Mathanghi RR | G21: II | H21: CSE | I21: 9384481724 | J21: mathanghi.rr2025cse@sece.ac.in | K21: 25CS101 | L21: Kavishka PS | M21: II | N21: CSE | O21: 25CS071 | P21: Haritha P | Q21: II | R21: CSE | S21: 25CS097 | T21: Karthikeyan N | U21: II | V21: CSE | W21: 23CS301 | X21: Ajalesh B | Y21: IV | Z21: CSE | AA21: 25AM034 | AB21: Gowdham V | AC21: II | AD21: CSE (AIML) | AE21: I acknowledge that all the team details provided in this form are correct and accurate to the best of my knowledge. I understand that I am responsible for ensuring the accuracy of the information submitted and accept responsibility for any errors or omissions.
A22: 46239.88 | B22: dineshkumar.s2024eee@sece.ac.in | C22: Celestials | D22: Hardware | E22: 24EE009 | F22: Dinesh Kumar S | G22: III | H22: EEE | I22: 8870904088 | J22: dineshkumar.s2024eee@sece.ac.in | K22: 24CS087 | L22: Ilamsaravanbalaji Pa | M22: III | N22: CSE | O22: 24CYS058 | P22: Swetha B | Q22: III | R22: CSE (CYS) | S22: 24EE016 | T22: Harshavardhan N | U22: III | V22: EEE | W22: 24EE065 | X22: Yuvanesh C B | Y22: III | Z22: EEE | AA22: 25EE005 | AB22: Bhoosith P | AC22: II | AD22: EEE | AE22: I acknowledge that all the team details provided in this form are correct and accurate to the best of my knowledge. I understand that I am responsible for ensuring the accuracy of the information submitted and accept responsibility for any errors or omissions.
A23: 46239.896 | B23: kavimagi.s2025ece@sece.ac.in | C23: Hack Nova | D23: Hardware | E23: 25EC072 | F23: KAVIMAGI.S | G23: II | H23: ECE | I23: 8610081832 | J23: kavimagi.s2025ece@sece.ac.in | K23: 25EC004 | L23: ABI NANDITA SV | M23: II | N23: ECE | O23: 25EC121 | P23: NISHANTHI M | Q23: II | R23: ECE | S23: 25CB057 | T23: THARUNICA GJ | U23: II | V23: CSBS | W23: 25CB056 | X23: SUJITHA GAYATHRI G | Y23: II | Z23: CSBS | AA23: 25AD092 | AB23: KARPAGA PAVITHRA P | AC23: II | AD23: AI & DS | AE23: I acknowledge that all the team details provided in this form are correct and accurate to the best of my knowledge. I understand that I am responsible for ensuring the accuracy of the information submitted and accept responsibility for any errors or omissions.
A24: 46239.903 | B24: dharrshini.s2025ece@sece.ac.in | C24: HYPERNOVA | D24: Hardware | E24: 25EC039 | F24: DHARRSHINI S | G24: II | H24: ECE | I24: 8248439655 | J24: dharrshini.s2025ece@sece.ac.in | K24: 25IT004 | L24: ANU VARSHINI N | M24: II | N24: IT | O24: 25CC054 | P24: SOWBARNIKA P | Q24: II | R24: CCE | S24: 25EC037 | T24: DHARANESH S | U24: II | V24: ECE | W24: 25EC047 | X24: GOUSEEKAN V S | Y24: II | Z24: ECE | AA24: 25EC055 | AB24: HARISH KISHORE M | AC24: II | AD24: ECE | AE24: I acknowledge that all the team details provided in this form are correct and accurate to the best of my knowledge. I understand that I am responsible for ensuring the accuracy of the information submitted and accept responsibility for any errors or omissions.
A25: 46239.912 | B25: moniga.j2025ece@sece.ac.in | C25: HACK HORIZON | D25: Hardware | E25: 25EC111 | F25: NAKSHATHRA M | G25: II | H25: ECE | I25: 8148893300 | J25: nakshathra.m2025@sece.ac.in | K25: 25EC104 | L25: MONIGA J | M25: II | N25: ECE | O25: 25EC077 | P25: KAVIYA M | Q25: II | R25: ECE | S25: 25AM017 | T25: DHANUSHRI J | U25: II | V25: CSE (AIML) | W25: 25CS054 | X25: GOBIKASREE K T | Y25: II | Z25: CSE | AA25: 25AD100 | AB25: KAVYA R | AC25: II | AD25: AI & DS | AE25: I acknowledge that all the team details provided in this form are correct and accurate to the best of my knowledge. I understand that I am responsible for ensuring the accuracy of the information submitted and accept responsibility for any errors or omissions.
A26: 46239.917 | B26: divakar.g2024lcse@sece.ac.in | C26: CODEVORTEX | D26: Software | E26: 24CS215 | F26: SARAVANAPERUMAL.M | G26: III | H26: CSE | I26: 73971 48323 | J26: saravanaperumal.m2024cse@sece.ac.in | K26: 24CS305 | L26: DIVAKAR.G | M26: III | N26: CSE | O26: 24CS307 | P26: HEMALATHA.R | Q26: III | R26: CSE | S26: 24CC301 | T26: DHINESH KUMAR.S | U26: III | V26: CCE | W26: 24CC028 | X26: MATHIMOZHI.J | Y26: III | Z26: CCE | AA26: 24CS306 | AB26: GOKUL.S | AC26: III | AD26: CSE | AE26: I acknowledge that all the team details provided in this form are correct and accurate to the best of my knowledge. I understand that I am responsible for ensuring the accuracy of the information submitted and accept responsibility for any errors or omissions.
A27: 46239.924 | B27: meiharishgokul.s2024cce@sece.ac.in | C27: Quantables | D27: Software | E27: 24CC029 | F27: MEI HARISH GOKUL S | G27: III | H27: CCE | I27: 7871736516 | J27: meiharishgokul.s2024cce@sece.ac.in | K27: 24CC030 | L27: MOHAMED JESEEM T | M27: III | N27: CCE | O27: 24CC055 | P27: SUGIRTHAN S | Q27: III | R27: CCE | S27: 24CC056 | T27: SURUTHI V | U27: III | V27: CCE | W27: 24CS314 | X27: MURUGANANDHAM A | Y27: III | Z27: CSE | AA27: 24CB007 | AB27: DEEPAK E | AC27: III | AD27: CSBS | AE27: I acknowledge that all the team details provided in this form are correct and accurate to the best of my knowledge. I understand that I am responsible for ensuring the accuracy of the information submitted and accept responsibility for any errors or omissions.
A28: 46239.932 | B28: kirithika.sk2024cse@sece.ac.in | C28: Teamforge | D28: Software | E28: .24cs118 | F28: .Niranjoan KS | G28: III | H28: CSE | I28: 9344945496 | J28: niranjoan.ks2024cse@sece.ac.in | K28: 24cs118 | L28: Kirithika SK | M28: III | N28: CSE | O28: 24CS113 | P28: Kavya K | Q28: III | R28: CSE | S28: 24CS045 | T28: Deepika T | U28: III | V28: CSE | W28: 24CS199 | X28: Roobak S | Y28: III | Z28: CSE | AA28: 24CS203 - | AB28: Sachit K | AC28: III | AD28: CSE | AE28: I acknowledge that all the team details provided in this form are correct and accurate to the best of my knowledge. I understand that I am responsible for ensuring the accuracy of the information submitted and accept responsibility for any errors or omissions.
A29: 46239.933 | B29: anushya.m2025aiml@sece.ac.in | C29: HackHolics | D29: Software | E29: 25CB055 | F29: SRIRAMPRANAV N | G29: II | H29: CSBS | I29: 70921 15337 | J29: srirampranav.n2025csbs@sece.ac.in | K29: 25CB005 | L29: BRITE SAMSEKAR A | M29: II | N29: CSBS | O29: 25CB048 | P29: Shashvanth | Q29: II | R29: CSBS | S29: 25AM006 | T29: ANUSHYA M | U29: II | V29: CSE (AIML) | W29: 25AM012 | X29: BHAVANASHRI M | Y29: II | Z29: CSE (AIML) | AA29: 25AM062 | AB29: MALINI D | AC29: II | AD29: CSE (AIML) | AE29: I acknowledge that all the team details provided in this form are correct and accurate to the best of my knowledge. I understand that I am responsible for ensuring the accuracy of the information submitted and accept responsibility for any errors or omissions.
A30: 46239.939 | B30: kamalikasree.s2025ece@sece.ac.in | C30: KAMALIKA SREE S | D30: Hardware | E30: 25EC065 | F30: KAMALIKA SREE S | G30: II | H30: ECE | I30: 7550248012 | J30: kamalikasree.s2025ece@sece.ac.in | K30: 25EC079 | L30: KAVYASREE B | M30: II | N30: ECE | O30: 25EC085 | P30: LAVANYA SHRI M | Q30: II | R30: ECE | S30: 25EC068 | T30: KANISHKA S | U30: II | V30: ECE | W30: 25AD203 | X30: SIVANANDHAM S | Y30: II | Z30: AI & DS | AA30: 25AD134 | AB30: NIRANJAN R | AC30: II | AD30: AI & DS | AE30: I acknowledge that all the team details provided in this form are correct and accurate to the best of my knowledge. I understand that I am responsible for ensuring the accuracy of the information submitted and accept responsibility for any errors or omissions.
A31: 46239.949 | B31: mohansudhandhiram.m2025ece@sece.ac.in | C31: MOHAN SUDHANDHIRAM M | D31: Hardware | E31: 25EC101 | F31: MOHAN SUDHANDHIRAM M | G31: II | H31: ECE | I31: 7871391706 | J31: mohansudhandhiram.m2025ece@sece.ac.in | K31: 25EC082 | L31: KUMAAR S | M31: II | N31: ECE | O31: 25EC116 | P31: NAVEEN PRASATH E | Q31: II | R31: ECE | S31: 25EC113 | T31: NANDHITHA B | U31: II | V31: ECE | W31: 25CS143 | X31: NANDHANA B | Y31: II | Z31: CSE | AA31: 25EC107 | AB31: MUKUNDA KRISHNA M | AC31: II | AD31: ECE | AE31: I acknowledge that all the team details provided in this form are correct and accurate to the best of my knowledge. I understand that I am responsible for ensuring the accuracy of the information submitted and accept responsibility for any errors or omissions.
A32: 46239.949 | B32: lakkeytha.s2025cse@sece.ac.in | C32: ALPHA INNOVATORS | D32: Software | E32: 25CS102 | F32: KAVIYA SRI A | G32: II | H32: CSE | I32: 8248914818 | J32: kaviyasri.a2025cse@sece.ac.in | K32: 25CS094 | L32: KARNIKA P A | M32: II | N32: CSE | O32: 25CS111 | P32: LAKKEYTHA S | Q32: II | R32: CSE | S32: 25CS112 | T32: LAKSHA S | U32: II | V32: CSE | W32: 25CS109 | X32: KOWSHIKA K | Y32: II | Z32: CSE | AA32: 25EC060 | AB32: ISWARYALAKSHMI R | AC32: II | AD32: ECE | AE32: I acknowledge that all the team details provided in this form are correct and accurate to the best of my knowledge. I understand that I am responsible for ensuring the accuracy of the information submitted and accept responsibility for any errors or omissions.
A33: 46239.968 | B33: sanjanaa.sr2025ece@sece.ac.in | C33: FORGEX | D33: Hardware | E33: 25EC141 | F33: SANJANAA S R | G33: II | H33: ECE | I33: 6381417054 | J33: sanjanaa.sr2025ece@sece.ac.in | K33: 25EC162 | L33: SRIRAM G | M33: II | N33: ECE | O33: 25EC185 | P33: VISHWA S | Q33: II | R33: ECE | S33: 25AD184 | T33: SANTHOSH KUMAR P | U33: II | V33: AI & DS | W33: 25AD188 | X33: SASMITHA R | Y33: II | Z33: AI & DS | AA33: 25EC130 | AB33: PRISCILLA D | AC33: II | AD33: ECE | AE33: I acknowledge that all the team details provided in this form are correct and accurate to the best of my knowledge. I understand that I am responsible for ensuring the accuracy of the information submitted and accept responsibility for any errors or omissions.
A34: 46239.969 | B34: manishbasnet.2024cse@sece.ac.in | C34: PROJECT POSSIBLE | D34: Software | E34: 24CS129 | F34: MANISH BASNET | G34: III | H34: CSE | I34: 7342718702 | J34: manishbasnet.2024cse@sece.ac.in | K34: 24CS025 | L34: ASHOK TAMATA | M34: III | N34: CSE | O34: 24CS015 | P34: AMAN KARN | Q34: III | R34: CSE | S34: 24CS029 | T34: BARANEETHARAN | U34: III | V34: CSE | W34: 24CS002 | X34: AASTHA GUPTA | Y34: III | Z34: CSE | AA34: 24CS044 | AB34: Deepika B | AC34: III | AD34: CSE | AE34: I acknowledge that all the team details provided in this form are correct and accurate to the best of my knowledge. I understand that I am responsible for ensuring the accuracy of the information submitted and accept responsibility for any errors or omissions.
A35: 46239.981 | B35: kavin.ssg2025ece@sece.ac.in | C35: AQUAVISION | D35: Hardware | E35: 25EC074 | F35: Kavin S S G | G35: II | H35: ECE | I35: 8778893145 | J35: Kavin.ssg2025ece@sece.ac.in | K35: 25EC003 | L35: ABHISHEK C | M35: II | N35: ECE | O35: 25EC073 | P35: KAVIN G S | Q35: II | R35: ECE | S35: 25EC069 | T35: KARTHEGAEYEN K | U35: II | V35: ECE | W35: 25AD073 | X35: INFANT CELSIYA T | Y35: II | Z35: AI & DS | AA35: 25AM097 | AB35: SHREE VARSHINI L | AC35: II | AD35: CSE (AIML) | AE35: I acknowledge that all the team details provided in this form are correct and accurate to the best of my knowledge. I understand that I am responsible for ensuring the accuracy of the information submitted and accept responsibility for any errors or omissions.
A36: 46239.983 | B36: subhamkumarbehera.2024ece@sece.ac.in | C36: SUBHAM KUMAR BEHERA | D36: Hardware | E36: 24EC162 | F36: SUBHAM KUMAR BEHERA | G36: III | H36: ECE | I36: 8778609310 | J36: subhamkumarbehera.2024ece@sece.ac.in | K36: 24EC156 | L36: Sridharan S | M36: III | N36: ECE | O36: 24EC155 | P36: Sridhar E | Q36: III | R36: ECE | S36: 24EC302 | T36: Dharaneesh M | U36: III | V36: ECE | W36: 24AD011 | X36: Ahamed Atheep K | Y36: III | Z36: AI & DS | AA36: 24AD130 | AB36: Monika S | AC36: III | AD36: AI & DS | AE36: I acknowledge that all the team details provided in this form are correct and accurate to the best of my knowledge. I understand that I am responsible for ensuring the accuracy of the information submitted and accept responsibility for any errors or omissions.
A37: 46240.358 | B37: suppriyaa.t2025aids@sece.ac.in | C37: TRIFID CODERS | D37: Software | E37: 24AD187 | F37: SANJAY VIKAS R | G37: III | H37: AI & DS | I37: 9361006457 | J37: sanjayvikas.r2024aids@sece.ac.in | K37: 25AD212 | L37: SUPPRIYAA T | M37: II | N37: AI & DS | O37: 25EC163 | P37: SRITIKA | Q37: II | R37: ECE | S37: 24AD304 | T37: KIRUBA SANKAR | U37: III | V37: AI & DS | W37: 25EC160 | X37: SRI HARI VARSHINI | Y37: II | Z37: ECE | AA37: Lateral entry | AB37: RAGAV AANANTH S K | AC37: II | AD37: AI & DS | AE37: I acknowledge that all the team details provided in this form are correct and accurate to the best of my knowledge. I understand that I am responsible for ensuring the accuracy of the information submitted and accept responsibility for any errors or omissions.
A38: 46240.396 | B38: hariharan.b2025it@sece.ac.in | C38: CRIMSON GUARDIANS | D38: Software | E38: 25IT018 | F38: HARIHARAN B | G38: II | H38: IT | I38: 6385343034 | J38: hariharan.b2025it@sece.ac.in | K38: 25AM049 | L38: KARTHIKA DEVI M | M38: II | N38: CSE (AIML) | O38: 25IT002 | P38: ALTRINE JONES F | Q38: II | R38: IT | S38: 25AM048 | T38: KANIMOZHI U | U38: II | V38: CSE (AIML) | W38: 25IT305 | X38: Surya V | Y38: II | Z38: CSE | AA38: 25IT017 | AB38: GOPALAKRISHNAN P | AC38: II | AD38: IT | AE38: I acknowledge that all the team details provided in this form are correct and accurate to the best of my knowledge. I understand that I am responsible for ensuring the accuracy of the information submitted and accept responsibility for any errors or omissions.
A39: 46240.402 | B39: mohamedasif.i2024it@sece.ac.in | C39: Brogrammers | D39: Software | E39: 24IT051 | F39: SHARUKHESH S | G39: III | H39: IT | I39: 8110875768 | J39: sharukhesh.s2024it@sece.ac.in | K39: 24IT028 | L39: MOHAMED ASIF I | M39: III | N39: IT | O39: 24IT027 | P39: MOGANAVASUDEV P | Q39: III | R39: IT | S39: 24IT058 | T39: SUWETHA B | U39: III | V39: IT | W39: 24CC001 | X39: ADITHYAN R | Y39: III | Z39: CCE | AA39: 24CC039 | AB39: PRANAW SOMESH R | AC39: III | AD39: CCE | AE39: I acknowledge that all the team details provided in this form are correct and accurate to the best of my knowledge. I understand that I am responsible for ensuring the accuracy of the information submitted and accept responsibility for any errors or omissions.
A40: 46240.408 | B40: jayasri.b2025laiml@sece.ac.in | C40: SyncverseX | D40: Software | E40: 25aiml301 | F40: JAYASRI.B | G40: II | H40: CSE (AIML) | I40: 9629815118 | J40: jayasri.b2025laiml@sece.ac.in | K40: 25aiml302 | L40: SRUTHIMITHRA.S | M40: II | N40: CSE (AIML) | O40: 25IT301 | P40: DEVESH.N | Q40: II | R40: IT | S40: IC26BTecL0081 | T40: Kowshigan.S | U40: II | V40: AI & DS | W40: IC26BTecL0035 | Y40: II | Z40: CSE (CYS) | AA40: IC26BTecL0068 | AB40: Visnu sivam A | AC40: II | AD40: IT | AE40: I acknowledge that all the team details provided in this form are correct and accurate to the best of my knowledge. I understand that I am responsible for ensuring the accuracy of the information submitted and accept responsibility for any errors or omissions.
A41: 46240.429 | B41: shakeer.f2025aids@sece.ac.in | C41: NEXACORE | D41: Software | E41: 25AD193 | F41: SHAKEER F | G41: II | H41: AI & DS | I41: Ph.no=7539902139 & whatsapp=9994488314 | J41: shakeer.f2025aids@sece.ac.in | K41: 25AD183 | L41: SANJANA R | M41: II | N41: AI & DS | O41: 25AD169 | P41: RASHIKA E | Q41: II | R41: AI & DS | S41: 25EC075 | T41: KAVIN V | U41: II | V41: ECE | W41: 25EC076 | X41: KAVINESHWAR S R | Y41: II | Z41: ECE | AA41: 25EC122 | AB41: NITHIN VASAN M A | AC41: II | AD41: ECE | AE41: I acknowledge that all the team details provided in this form are correct and accurate to the best of my knowledge. I understand that I am responsible for ensuring the accuracy of the information submitted and accept responsibility for any errors or omissions.
A42: 46240.429 | B42: suhamohan.2025cse@sece.ac.in | C42: SMASHERS | D42: Software | E42: 25CS213 | F42: SIDDHESH.L | G42: II | H42: CSE | I42: 9486682048 | J42: siddhesh.l2025cse@sece.ac.in | K42: 25CS226 | L42: SUHA MOHAN | M42: II | N42: CSE | O42: 25CS236 | P42: THREGA . S | Q42: II | R42: CSE | S42: 25CS214 | T42: SINDHU . V | U42: II | V42: CSE | W42: 25AM087 | X42: Sanjay Prasath C B | Y42: II | Z42: CSE (AIML) | AA42: 25AD228 | AB42: UnninKrishnan M | AC42: II | AD42: AIDS | AE42: I acknowledge that all the team details provided in this form are correct and accurate to the best of my knowledge. I understand that I am responsible for ensuring the accuracy of the information submitted and accept responsibility for any errors or omissions.
A43: 46240.448 | B43: joshnahaseen.r2025aiml@sece.ac.in | C43: ZENTRIX | D43: Hardware | E43: 22EE060 | F43: VINOODHAN E | G43: II | H43: EEE | I43: 99659 66696 | J43: vinoodhan.e2025eee@sece.ac.in | K43: 25AM047 | L43: JOSHNA HASEEN R | M43: II | N43: CSE (AIML) | O43: 25AM024 | P43: DHIVYA DHARSHINI K | Q43: II | R43: CSE (AIML) | S43: 25CC056 | T43: SRIBHAVAN V | U43: II | V43: CCE | W43: 25EE004 | X43: BHAVANA G | Y43: II | Z43: EEE | AA43: 25EE036 | AB43: NITHILESH V | AC43: II | AD43: EEE | AE43: I acknowledge that all the team details provided in this form are correct and accurate to the best of my knowledge. I understand that I am responsible for ensuring the accuracy of the information submitted and accept responsibility for any errors or omissions.
A44: 46240.468 | B44: vishal.s2025cse@sece.ac.in | C44: URBANO | D44: Software | E44: 25CS192 | F44: Samriddhi R | G44: II | H44: CSE | I44: 7200959585 | J44: samriddhi.r2025cse@sece.ac.in | K44: 25CS247 | L44: Vishal S | M44: II | N44: CSE | O44: 25CS199 | P44: Sanjit SR | Q44: II | R44: CSE | S44: 25CS217 | T44: Sri Nambi Rajan M | U44: II | V44: CSE | W44: 25EC012 | X44: Akshaya V | Y44: II | Z44: ECE | AA44: 25EC028 | AB44: Carolyn Stefina S | AC44: II | AD44: ECE | AE44: I acknowledge that all the team details provided in this form are correct and accurate to the best of my knowledge. I understand that I am responsible for ensuring the accuracy of the information submitted and accept responsibility for any errors or omissions.
A45: 46240.47 | B45: roshini.kr2024it@sece.ac.in | C45: LarvaX | D45: Software | E45: 24IT035 | F45: Nivetha L G | G45: III | H45: IT | I45: 9500535206 | J45: nivetha.lg2024it@sece.ac.in | K45: 24IT041 | L45: Roshini K R | M45: III | N45: IT | O45: 24CS169 | P45: Pavithra M | Q45: III | R45: CSE | S45: 24CS182 | T45: Priyadharshini V A | U45: III | V45: CSE | W45: 24CS183 | X45: Priyanka T | Y45: III | Z45: CSE | AA45: 25AM088 | AB45: Sanjeev.M | AC45: II | AD45: CSE (AIML) | AE45: I acknowledge that all the team details provided in this form are correct and accurate to the best of my knowledge. I understand that I am responsible for ensuring the accuracy of the information submitted and accept responsibility for any errors or omissions.
A46: 46240.481 | B46: dhanyasri.p2025cse@sece.ac.in | C46: MARVELX | D46: Software | E46: 25CS016 | F46: ASHMITHA P | G46: II | H46: CSE | I46: 9095023302 | J46: ashmitha. p2025cse@sece.ac.in | K46: 25CS037 | L46: DHANYASRI P | M46: II | N46: CSE | O46: 25CS034 | P46: DHANAPRIYA V | Q46: II | R46: CSE | S46: LATERAL | T46: JANANI N | U46: II | V46: CSE | W46: 25CS005 | X46: AISHWARYA LAKSHMI P | Y46: II | Z46: CSE | AA46: 25CS011 | AB46: ANITHA K | AC46: II | AD46: CSE | AE46: I acknowledge that all the team details provided in this form are correct and accurate to the best of my knowledge. I understand that I am responsible for ensuring the accuracy of the information submitted and accept responsibility for any errors or omissions.
A47: 46240.487 | B47: ravishankar.ag2024cse@sece.ac.in | C47: BINARY BEATS | D47: Software | E47: 24CS191 | F47: Ravishankar AG | G47: III | H47: CSE | I47: 8148449502 | J47: ravishankar.ag2024cse@sece.ac.in | K47: 24CS196 | L47: Rishivardhan J | M47: III | N47: CSE | O47: 24CS186 | P47: Ramvishnu P | Q47: III | R47: CSE | S47: 24CS166 | T47: Parameshwaran P | U47: III | V47: CSE | W47: 24AD042 | X47: Dharshana M | Y47: III | Z47: AI & DS | AA47: 24EC074 | AB47: Keerthishree M | AC47: III | AD47: ECE | AE47: I acknowledge that all the team details provided in this form are correct and accurate to the best of my knowledge. I understand that I am responsible for ensuring the accuracy of the information submitted and accept responsibility for any errors or omissions.
A48: 46240.505 | B48: sujay.m2025aids@sece.ac.in | C48: LEO DAS | D48: Hardware | E48: 25AD210 | F48: SUJAY M | G48: II | H48: AI & DS | I48: 9342295008 | J48: sujay.m2025aids@sece.ac.in | K48: 25AD226 | L48: THIANESH H | M48: II | N48: AI & DS | O48: 25AD163 | P48: RAJAPANDI D | Q48: II | R48: CSE | S48: 25CS175 | T48: PRAVEEN R | U48: II | V48: CSE | W48: 25EE023 | X48: KEERTHI LESHMI V | Y48: II | Z48: EEE | AA48: 25EE049 | AB48: SHARMILA MARY I | AC48: II | AD48: EEE | AE48: I acknowledge that all the team details provided in this form are correct and accurate to the best of my knowledge. I understand that I am responsible for ensuring the accuracy of the information submitted and accept responsibility for any errors or omissions.
A49: 46240.508 | B49: sneha.td2024csbs@sece.ac.in | C49: Phoenix Alpha Squad | D49: Software | E49: 24CB048 | F49: Sneha T D | G49: III | H49: CSBS | I49: 9865977796 | J49: sneha.td2024csbs@sece.ac.in | K49: 24CB003 | L49: Anu Vidhya R | M49: III | N49: CSBS | O49: 24CS | P49: Prithivi R | Q49: III | R49: CSE | S49: 24CS167 | T49: Pavithra B | U49: III | V49: CSE | W49: 24EE058 | X49: Thensree S | Y49: III | Z49: EEE | AA49: 24EE019 | AB49: Kavindhra S | AC49: III | AD49: EEE | AE49: I acknowledge that all the team details provided in this form are correct and accurate to the best of my knowledge. I understand that I am responsible for ensuring the accuracy of the information submitted and accept responsibility for any errors or omissions.
A50: 46240.513 | B50: lakshana.s2024aids@sece.ac.in | C50: HexaMinds | D50: Hardware | E50: 24AD123 | F50: Midhuna R | G50: III | H50: AI & DS | I50: 8524862209 | J50: midhuna.r2024aids@sece.ac.in | K50: 24AD108 | L50: Lakshana S | M50: III | N50: AI & DS | O50: 24AD111 | P50: Lalitha SV | Q50: III | R50: AI & DS | S50: 24AD118 | T50: Mathan Prasath S | U50: III | V50: AI & DS | W50: 24IT014 | X50: Harini Kesavan | Y50: III | Z50: IT | AA50: 24EE059 | AB50: Threga S | AC50: III | AD50: EEE | AE50: I acknowledge that all the team details provided in this form are correct and accurate to the best of my knowledge. I understand that I am responsible for ensuring the accuracy of the information submitted and accept responsibility for any errors or omissions.
A51: 46240.515 | B51: thamira.h2025aids@sece.ac.in | C51: Nexora Technologies | D51: Hardware | E51: 25AD190 | F51: Sevvanthi T S | G51: II | H51: AI & DS | I51: 9976323150 | J51: Sevvanthi.ts2025aids@sece.ac.in | K51: 25AD223 | L51: Thamira H | M51: II | N51: AI & DS | O51: 23AD231 | P51: Vaishnavi S | Q51: II | R51: AI & DS | S51: 25AD232 | T51: Vaishnavi T | U51: II | V51: AI & DS | W51: 25CB008 | X51: Dharshan S | Y51: II | Z51: CSBS | AA51: 25CB060 | AB51: Viswa Mahesh K | AC51: II | AD51: CSBS | AE51: I acknowledge that all the team details provided in this form are correct and accurate to the best of my knowledge. I understand that I am responsible for ensuring the accuracy of the information submitted and accept responsibility for any errors or omissions.
A52: 46240.516 | B52: harshini.pk2025cse@sece.ac.in | C52: INVICTA | D52: Software | E52: 25CS066 | F52: HARINI G | G52: II | H52: CSE | I52: 9655883378 | J52: harini.g2025cse@sece.ac.in | K52: 25CS072 | L52: HARSHINI P K | M52: II | N52: CSE | O52: 25CS069 | P52: HARINISRI S | Q52: II | R52: CSE | S52: 25CS085 | T52: JEGASHREE A | U52: II | V52: CSE | W52: 25CS129 | X52: MOGITHA G | Y52: II | Z52: CSE | AA52: 25CC038 | AB52: PRANEETHA S | AC52: II | AD52: CCE | AE52: I acknowledge that all the team details provided in this form are correct and accurate to the best of my knowledge. I understand that I am responsible for ensuring the accuracy of the information submitted and accept responsibility for any errors or omissions.
A53: 46240.517 | B53: dharsani.g2025aids@sece.ac.in | C53: HEXA CATALYST | D53: Software | E53: 25AD083 | F53: JELTRIN D | G53: II | H53: AI & DS | I53: 6379793089 | J53: jeltrin.d2025aids@sece.ac.in | K53: 25AD037 | L53: DHARSANI G | M53: II | N53: AI & DS | O53: 25AD112 | P53: MADHAN M | Q53: II | R53: AI & DS | S53: 25AD240 | T53: VIKASH KRISHNAA R | U53: II | V53: AI & DS | W53: 25AD072 | X53: INDIRESH P L | Y53: II | Z53: AI & DS | AA53: 25AD102 | AB53: KESHAV K | AC53: II | AD53: AI & DS | AE53: I acknowledge that all the team details provided in this form are correct and accurate to the best of my knowledge. I understand that I am responsible for ensuring the accuracy of the information submitted and accept responsibility for any errors or omissions.
A54: 46240.52 | B54: vishwa.b2025it@sece.ac.in | C54: CodeVerse | D54: Software | E54: 25IT062 | F54: VISHWA B | G54: II | H54: IT | I54: 6382255457 | J54: Vishwa.b2025it@sece.ac.in | K54: 25IT034 | L54: NAVEEN KUMAR S | M54: II | N54: IT | O54: 25IT029 | P54: MADHUMITHA J R | Q54: II | R54: IT | S54: 25IT059 | T54: THARANI V | U54: II | V54: IT | W54: 25IT023 | X54: JOANNA PRISCILLA R | Y54: II | Z54: IT | AA54: 25CS017 | AB54: ASHWIN RATSINGER R | AC54: II | AD54: CSE | AE54: I acknowledge that all the team details provided in this form are correct and accurate to the best of my knowledge. I understand that I am responsible for ensuring the accuracy of the information submitted and accept responsibility for any errors or omissions.
A55: 46240.52 | B55: mvishal.2025aids@sece.ac.in | C55: ORION FORGE | D55: Software | E55: 25AD167 | F55: RANJITH BALA B | G55: II | H55: AI & DS | I55: 8825532022 | J55: ranjithbala.b2025aids@sece.ac.in | K55: 25AD013 | L55: ARUL RAJ W | M55: II | N55: AI & DS | O55: 25AD160 | P55: RAGUL S | Q55: II | R55: AI & DS | S55: 25AD246 | T55: VISHAL M | U55: II | V55: AI & DS | W55: 25AM112 | X55: VAISHAL SEKAR S | Y55: II | Z55: CSE (AIML) | AA55: 25CS126 | AB55: MATHIVATHANI N | AC55: II | AD55: CSE | AE55: I acknowledge that all the team details provided in this form are correct and accurate to the best of my knowledge. I understand that I am responsible for ensuring the accuracy of the information submitted and accept responsibility for any errors or omissions.
... A82: 46240.595 | B82: lohith.t2025ece@sece.ac.in | C82: Neurostack | D82: Hardware | E82: 25EC088 | F82: LOHITH T | G82: II | H82: ECE | I82: 9942542473 | J82: lohith.t2025ece@sece.ac.in | K82: 25EC081 | L82: KIRUTHIKA S | M82: II | N82: ECE | O82: 25EC108 | P82: MUTHUMAMUNDI K | Q82: II | R82: ECE | S82: 25EC105 | T82: MUGESH M | U82: II | V82: ECE | W82: 25EC098 | X82: MOHAMAD IRFAN | Y82: II | Z82: ECE | AA82: 25CB051 | AB82: SINDHIGAA E M | AC82: II | AD82: CSBS | AE82: I acknowledge that all the team details provided in this form are correct and accurate to the best of my knowledge. I understand that I am responsible for ensuring the accuracy of the information submitted and accept responsibility for any errors or omissions.
A83: 46240.596 | B83: christinavictor.2025csbs@sece.ac.in | C83: Tech Squad | D83: Hardware | E83: 25SY046 | F83: Sakthi Sreya | G83: II | H83: CSE (CYS) | I83: +91 77084 91785 | J83: sakthisreya.s2025cys@sece.ac.in | K83: 25SY052 | L83: Srimathi S | M83: II | N83: CSE (CYS) | O83: IC26BER0479 | P83: Lakshana k | Q83: II | R83: ECE | S83: 25SY061 | T83: Varshika S | U83: II | V83: CSE (CYS) | W83: 25CB006 | X83: Christina Victor | Y83: II | Z83: CSBS | AA83: 25CB062 | AB83: Viyanjana S | AC83: II | AD83: CSBS | AE83: I acknowledge that all the team details provided in this form are correct and accurate to the best of my knowledge. I understand that I am responsible for ensuring the accuracy of the information submitted and accept responsibility for any errors or omissions.
A84: 46240.598 | B84: logeshwaran.s2024ece@sece.ac.in | C84: InnoMinds | D84: Hardware | E84: 24EC082 | F84: LOGESHWARAN S | G84: III | H84: ECE | I84: 9500041099 | J84: logeshwaran.s2024ece@sece.ac.in | K84: 24EC068 | L84: KARTHICK NAVEEN S | M84: III | N84: ECE | O84: 24EC091 | P84: MOHAMMAD IRFAN M | Q84: III | R84: ECE | S84: 24AD010 | T84: ANUGOPIKA S | U84: II | V84: AI & DS | W84: 24AD040 | X84: DHARSHINI R | Y84: II | Z84: AI & DS | AA84: 25AD120 | AB84: MERLIN KIRUTHIKA S | AC84: II | AD84: AI & DS | AE84: I acknowledge that all the team details provided in this form are correct and accurate to the best of my knowledge. I understand that I am responsible for ensuring the accuracy of the information submitted and accept responsibility for any errors or omissions.
A85: 46240.598 | B85: vishal.mk2024aiml@sece.ac.in | C85: NexQuad | D85: Software | E85: 24AM066 | F85: NITIN A K | G85: III | H85: CSE (AIML) | I85: 6369719627 | J85: nitin.ak2024aiml@sece.ac.in | K85: 24AM116 | L85: VISHAL M K | M85: III | N85: CSE (AIML) | O85: 24AM107 | P85: SWETHA P | Q85: III | R85: CSE (AIML) | S85: 24EC154 | T85: SOWBARNIKA M | U85: III | V85: ECE | W85: 24AD175 | X85: J S Rihasri | Y85: III | Z85: AI & DS | AA85: 24CS258 | AB85: VALARMATHI R S | AC85: III | AD85: CSE | AE85: I acknowledge that all the team details provided in this form are correct and accurate to the best of my knowledge. I understand that I am responsible for ensuring the accuracy of the information submitted and accept responsibility for any errors or omissions.
A86: 46240.599 | B86: praveen.k2024aids@sece.ac.in | C86: SkyForge | D86: Software | E86: 24AD158 | F86: PRAVEEN K | G86: III | H86: AI & DS | I86: 6380237377 | J86: praveen.k2024aids@sece.ac.in | K86: 25AD174 | L86: SAADHANA S | M86: II | N86: AI & DS | O86: 25AD152 | P86: PRANIKA R | Q86: II | R86: AI & DS | S86: 25AD161 | T86: RAHUL B | U86: II | V86: AI & DS | W86: 23IT018 | X86: HARSHAVARDHAN GK | Y86: IV | Z86: IT | AA86: 23IT017 | AB86: HARITHA M | AC86: IV | AD86: IT | AE86: I acknowledge that all the team details provided in this form are correct and accurate to the best of my knowledge. I understand that I am responsible for ensuring the accuracy of the information submitted and accept responsibility for any errors or omissions.
A87: 46240.6 | B87: mohamedharriz.b2025ece@sece.ac.in | C87: TEAM VOLT | D87: Hardware | E87: 25EC099 | F87: MOHAMED HARRIZ B | G87: II | H87: ECE | I87: 9943065723 | J87: mohamedharriz.b2025ece@sece.ac.in | K87: Lateral-14 | L87: SHRIRAM G | M87: II | N87: ECE | O87: 25EC100 | P87: MOHAMED MUBASHIR M | Q87: II | R87: ECE | S87: 25EC114 | T87: NAREN J M | U87: II | V87: ECE | W87: 25AM035 | X87: GOWSHALYA P | Y87: II | Z87: CSE (AIML) | AA87: 25AM009 | AB87: ASMA S | AC87: II | AD87: CSE (AIML) | AE87: I acknowledge that all the team details provided in this form are correct and accurate to the best of my knowledge. I understand that I am responsible for ensuring the accuracy of the information submitted and accept responsibility for any errors or omissions.
A88: 46240.601 | B88: kirushiga.ns2025aids@sece.ac.in | C88: BINARY BREAKERS | D88: Software | E88: 25AD105 | F88: KIRUSHIGA N S | G88: II | H88: AI & DS | I88: 8015315274 | J88: kirushiga.ns2025aids@sece.ac.in | K88: 25AD007 | L88: AMIRTHA VARSHINI R | M88: II | N88: AI & DS | O88: 25AD117 | P88: MALA T | Q88: II | R88: AI & DS | S88: 25AD111 | T88: LOGALAKSHMI M | U88: II | V88: AI & DS | W88: 25SY062 | X88: VISHAL M | Y88: II | Z88: CSE (CYS) | AA88: 25SY048 | AB88: SIRIVARSHAN K | AC88: II | AD88: CSE (CYS) | AE88: I acknowledge that all the team details provided in this form are correct and accurate to the best of my knowledge. I understand that I am responsible for ensuring the accuracy of the information submitted and accept responsibility for any errors or omissions.
A89: 46240.601 | B89: girish.ks2025aids@sece.ac.in | C89: GRYFFINDOR | D89: Software | E89: 25AD052 | F89: GIRISH K S | G89: II | H89: AI & DS | I89: 8248734365 | J89: girish.ks2025aids@sece.ac.in | K89: 25AD055 | L89: GOKUL K | M89: II | N89: AI & DS | O89: 25AD044 | P89: DINESHBALAN P | Q89: II | R89: AI & DS | S89: 25AD025 | T89: BHARATHI SIVASAKTHI D P | U89: II | V89: AI & DS | W89: 25AD039 | X89: DHARSHINI K | Y89: II | Z89: AI & DS | AA89: 25AD062 | AB89: HARINI B | AC89: II | AD89: AI & DS | AE89: I acknowledge that all the team details provided in this form are correct and accurate to the best of my knowledge. I understand that I am responsible for ensuring the accuracy of the information submitted and accept responsibility for any errors or omissions.
A90: 46240.602 | B90: deepika.b2025aids@sece.ac.in | C90: Dream Hackers | D90: Software | E90: 25AD032 | F90: DEEPIKA B | G90: II | H90: AI & DS | I90: 9025815940 | J90: deepika.b2025aids@sece.ac.in | K90: 25AD036 | L90: DHARANISRI M | M90: II | N90: AI & DS | O90: 25AD023 | P90: BALAJI K | Q90: II | R90: AI & DS | S90: 25AD064 | T90: HARIPRIYA R | U90: II | V90: AI & DS | W90: 25CS215 | X90: SOWMIYA V | Y90: II | Z90: CSE | AA90: 25CS063 | AB90: HARISUDHAN S | AC90: II | AD90: CSE | AE90: I acknowledge that all the team details provided in this form are correct and accurate to the best of my knowledge. I understand that I am responsible for ensuring the accuracy of the information submitted and accept responsibility for any errors or omissions.
A91: 46240.603 | B91: santhini.s2025cse@sece.ac.in | C91: REBOOT REBELS | D91: Hardware | E91: 25CS200 | F91: SANTHINI S | G91: II | H91: CSE | I91: 8807163766 | J91: santhini.s2025cse@sece.ac.in | K91: 25EE052 | L91: SRIDEVAN E | M91: II | N91: EEE | O91: 25EE045 | P91: SANMATHI V | Q91: II | R91: EEE | S91: 25EC067 | T91: KANISH M B | U91: II | V91: ECE | W91: 25CC007 | X91: DHEVINTH M S | Y91: II | Z91: CCE | AA91: 25CS248 | AB91: VISHALI M | AC91: II | AD91: CSE | AE91: I acknowledge that all the team details provided in this form are correct and accurate to the best of my knowledge. I understand that I am responsible for ensuring the accuracy of the information submitted and accept responsibility for any errors or omissions.
A92: 46240.605 | B92: charudharshini.k2025cys@sece.ac.in | C92: Syrax | D92: Software | E92: 25SY009 | F92: CHARUDHARSHINI K | G92: II | H92: CSE (CYS) | I92: 9566302920 | J92: charudharshini.k2025cys@sece.ac.in | K92: 25SY011 | L92: DEVARAJ S | M92: II | N92: CSE (CYS) | O92: 25SY038 | P92: MANOJ A | Q92: II | R92: CSE (CYS) | S92: 25SY055 | T92: SUSHIL KUMAR V | U92: II | V92: CSE (CYS) | W92: 25AD020 | X92: ATCHAYAA V | Y92: II | Z92: AI & DS | AA92: 25AD043 | AB92: DHIVYAVARSHINI K | AC92: II | AD92: AI & DS | AE92: I acknowledge that all the team details provided in this form are correct and accurate to the best of my knowledge. I understand that I am responsible for ensuring the accuracy of the information submitted and accept responsibility for any errors or omissions.
A93: 46240.605 | B93: nithishkumar.ms2025it@sece.ac.in | C93: INFO HEIST | D93: Hardware | E93: 25IT038 | F93: NITHISHKUMAR M S | G93: II | H93: IT | I93: 8754247716 | J93: nithishkumar.ms2025it@sece.ac.in | K93: 25EE014 | L93: GOKULA KRISHNAN S | M93: II | N93: EEE | O93: 25IT015 | P93: GIRI L | Q93: II | R93: IT | S93: 25EE010 | T93: DHARUNRAM R | U93: II | V93: EEE | W93: 25IT045 | X93: SANGAMITHRA S | Y93: II | Z93: IT | AA93: 25IT054 | AB93: SRIHARINI C | AC93: II | AD93: IT | AE93: I acknowledge that all the team details provided in this form are correct and accurate to the best of my knowledge. I understand that I am responsible for ensuring the accuracy of the information submitted and accept responsibility for any errors or omissions.
A94: 46240.605 | B94: sadhana.s2025cse@sece.ac.in | C94: METAVERSE | D94: Hardware | E94: 25CS189 | F94: SADHANA S | G94: II | H94: CSE | I94: 7845430295 | J94: sadhana.s2025cse@sece.ac.in | K94: 25CS183 | L94: RIDHINYA SHREE S | M94: II | N94: CSE | O94: 25CS168 | P94: POORNIMA A | Q94: II | R94: CSE | S94: 25CS157 | T94: NITHIYA SHREE S | U94: II | V94: CSE | W94: 25EC038 | X94: DHARANISWARAN R S | Y94: II | Z94: ECE | AA94: 25EC018 | AB94: ARUN JOTHI P | AC94: II | AD94: ECE | AE94: I acknowledge that all the team details provided in this form are correct and accurate to the best of my knowledge. I understand that I am responsible for ensuring the accuracy of the information submitted and accept responsibility for any errors or omissions.
A95: 46240.611 | B95: kavinesh.m2025cse@sece.ac.in | C95: TECHPULSE | D95: Software | E95: 25CS100 | F95: KAVINESH M | G95: II | H95: CSE | I95: 8148093408 | J95: kavinesh.m2025cse@sece.ac.in | K95: 25CS075 | L95: INBAMANI B | M95: II | N95: CSE | O95: 25CS204 | P95: SARAVANAMOORTHY M | Q95: II | R95: CSE | S95: 25EC020 | T95: ARYANGA E | U95: II | V95: ECE | W95: 25AM096 | X95: SHIVAHLESHA S | Y95: II | Z95: CSE (AIML) | AA95: 25AM103 | AB95: SRIJA B | AC95: II | AD95: CSE (AIML) | AE95: I acknowledge that all the team details provided in this form are correct and accurate to the best of my knowledge. I understand that I am responsible for ensuring the accuracy of the information submitted and accept responsibility for any errors or omissions.
... A115: 46240.654 | B115: sakthikanth.r2025csbs@sece.ac.in | C115: Phantom | D115: Software | E115: 25CB042 | F115: SAKTHIKANTH R | G115: II | H115: CSBS | I115: 8438873983 | J115: sakthikanth07@gmail.com | K115: 25CB044 | L115: SANJAY ADHITHYAN B | M115: II | N115: CSBS | O115: 25CB039 | P115: RITHISH S | Q115: II | R115: CSBS | S115: 25CS086 | T115: JESSICA A | U115: II | V115: CSE | W115: 25CS122 | X115: MALATHI K | Y115: II | Z115: CSE | AA115: 25CS104 | AB115: KAVYASHREE R | AC115: II | AD115: CSE | AE115: I acknowledge that all the team details provided in this form are correct and accurate to the best of my knowledge. I understand that I am responsible for ensuring the accuracy of the information submitted and accept responsibility for any errors or omissions.
A116: 46240.66 | B116: nivritinandhika.v2025it@sece.ac.in | C116: Spark X | D116: Hardware | E116: 25IT014 | F116: FAMIEZ Z | G116: II | H116: IT | I116: 94894 78345 | J116: famiez.z2025it@sece.ac.in | K116: 25IT039 | L116: V NIVRITI NANDHIKA | M116: II | N116: IT | O116: 25IT026 | P116: KANISHKAN S | Q116: II | R116: IT | S116: 24IT040 | T116: RAJKUMAR N S | U116: III | V116: IT | W116: 25IT003 | X116: ANIRUDH S | Y116: II | Z116: IT | AA116: 25AM106 | AB116: SUNDARESWARI E | AC116: II | AD116: CSE (AIML) | AE116: I acknowledge that all the team details provided in this form are correct and accurate to the best of my knowledge. I understand that I am responsible for ensuring the accuracy of the information submitted and accept responsibility for any errors or omissions.
A117: 46240.66 | B117: adarsha.u2024cse@sece.ac.in | C117: LEVELUPDEVS | D117: Software | E117: 24CS006 | F117: ADARSHA U | G117: III | H117: CSE | I117: 7010668113 | J117: adarsha.u2024cse@sece.ac.in | K117: 24CS050 | L117: DHANUSHRI D | M117: III | N117: CSE | O117: 24CS051 | P117: DHANUSHYA R | Q117: III | R117: CSE | S117: 24CS055 | T117: DHARUN KUMAR N | U117: III | V117: CSE | W117: 24CS124 | X117: LOGAVARSHHNI S | Y117: III | Z117: CSE | AA117: 24SY013 | AB117: DISHANYAA SHRII K M | AC117: III | AD117: CSE (CYS) | AE117: I acknowledge that all the team details provided in this form are correct and accurate to the best of my knowledge. I understand that I am responsible for ensuring the accuracy of the information submitted and accept responsibility for any errors or omissions.
A118: 46240.662 | B118: nethra.s2024cse@sece.ac.in | C118: Starblazers | D118: Software | E118: 24CS153 | F118: NAVIN S | G118: III | H118: CSE | I118: +91 77085 66849 | J118: navin.s2024cse@sece.ac.in | K118: 24CS156 | L118: NETHRA S | M118: III | N118: CSE | O118: 24CS082 | P118: HARITHA E | Q118: III | R118: CSE | S118: 24CS032 | T118: BAVITHRA | U118: III | V118: CSE | W118: 24AM068 | X118: NIVETHIKA M | Y118: III | Z118: CSE (AIML) | AA118: 24EC013 | AB118: ARJUNAN J | AC118: III | AD118: ECE | AE118: I acknowledge that all the team details provided in this form are correct and accurate to the best of my knowledge. I understand that I am responsible for ensuring the accuracy of the information submitted and accept responsibility for any errors or omissions.
A119: 46240.663 | B119: varchaladevi.m2025aids@sece.ac.in | C119: Ctrl+Alt+Elite | D119: Software | E119: 25AD221 | F119: TARUNIKA B.S | G119: II | H119: AI & DS | I119: 9942674205 | J119: tarunika.bs2025aids@sece.ac.in | K119: 25AD233 | L119: VARCHALADEVI M | M119: II | N119: AI & DS | O119: 25AD225 | P119: THARUNIKA K.S | Q119: II | R119: AI & DS | S119: 25AD215 | T119: SUVETHA S | U119: II | V119: AI & DS | W119: 25CS170 | X119: PRADHATCHANA P | Y119: II | Z119: CSE | AA119: 25CS158 | AB119: NITHUVARSHAN T | AC119: II | AD119: CSE | AE119: I acknowledge that all the team details provided in this form are correct and accurate to the best of my knowledge. I understand that I am responsible for ensuring the accuracy of the information submitted and accept responsibility for any errors or omissions.
A120: 46240.67 | B120: shobika.s2025cse@sece.ac.in | C120: CODESHIFT | D120: Software | E120: 25CS211 | F120: SHOBIKA S | G120: II | H120: CSE | I120: 9944969647 | J120: shobika.s2025cse@sece.ac.in | K120: 25CS208 | L120: SETHUKAMAL P G | M120: II | N120: CSE | O120: 25CS237 | P120: UDHAYAN L | Q120: II | R120: CSE | S120: 25CS238 | T120: VAANATHI J | U120: II | V120: CSE | W120: 25CS235 | X120: THIRUVARASU S R | Y120: II | Z120: CSE | AA120: 25AM044 | AB120: JANARDHANAN L G | AC120: II | AD120: CSE (AIML) | AE120: I acknowledge that all the team details provided in this form are correct and accurate to the best of my knowledge. I understand that I am responsible for ensuring the accuracy of the information submitted and accept responsibility for any errors or omissions.
A121: 46240.674 | B121: yugeshwaran.s2025cse@sece.ac.in | C121: YUTA | D121: Software | E121: 25CS254 | F121: YUGESHWARAN S | G121: II | H121: CSE | I121: 9566246403 | J121: yugeshwaran.s2025cse@sece.ac.in | K121: 25CS191 | L121: SAI SIDHARTH R | M121: II | N121: CSE | O121: 25CS196 | P121: SANJAY S | Q121: II | R121: CSE | S121: NIL | T121: MONIKA S | U121: II | V121: CSE | W121: NIL | X121: HARINI N | Y121: II | Z121: CCE | AA121: 25AD254 | AB121: DINA ALEX MAJURA | AC121: II | AD121: AI & DS | AE121: I acknowledge that all the team details provided in this form are correct and accurate to the best of my knowledge. I understand that I am responsible for ensuring the accuracy of the information submitted and accept responsibility for any errors or omissions.
A122: 46240.678 | B122: nivetha.k2024it@sece.ac.in | C122: LAUGH TALE | D122: Software | E122: 24IT029 | F122: MOHAMED SABEEK H | G122: III | H122: IT | I122: 6383028607 | J122: mohamedsabeek.h2024it@sece.ac.in | K122: 24IT034 | L122: NIVETHA K | M122: III | N122: IT | O122: 24IT031 | P122: MONISH R K | Q122: III | R122: IT | S122: 24IT003 | T122: ABIRAMI S | U122: III | V122: IT | W122: 24AM018 | X122: DHAKSHATHA S | Y122: III | Z122: CSE (AIML) | AA122: 24AD195 | AB122: SASIVARNAN R S | AC122: III | AD122: AI & DS | AE122: I acknowledge that all the team details provided in this form are correct and accurate to the best of my knowledge. I understand that I am responsible for ensuring the accuracy of the information submitted and accept responsibility for any errors or omissions.
A123: 46240.683 | B123: siva.m2025csbs@sece.ac.in | C123: TEAM JARVIS | D123: Hardware | E123: 25CB052 | F123: SIVA M | G123: II | H123: CSBS | I123: 6380494428 | J123: siva.m2025csbs@sece.ac.in | K123: 25CB014 | L123: GOKUL R | M123: II | N123: CSBS | O123: 25CB025 | P123: LIJILJEROME | Q123: II | R123: CSBS | S123: 25CB009 | T123: DHARSHINI R S | U123: II | V123: CSBS | W123: 25EC170 | X123: SUJITHA S | Y123: II | Z123: ECE | AA123: L0011 | AB123: DURGA DEVI R | AC123: II | AD123: ECE | AE123: I acknowledge that all the team details provided in this form are correct and accurate to the best of my knowledge. I understand that I am responsible for ensuring the accuracy of the information submitted and accept responsibility for any errors or omissions.
A124: 46240.687 | B124: subash.s2024aids@sece.ac.in | C124: HEXACORE | D124: Hardware | E124: 24AD221 | F124: SUBASH S | G124: III | H124: AI & DS | I124: 9597683038 | J124: subash.s2024aids@sece.ac.in | K124: 24AD222 | L124: SUDHARSINI R | M124: III | N124: AI & DS | O124: 24AD223 | P124: SUGANMANTHRAN SG | Q124: III | R124: AI & DS | S124: 25AD084 | T124: JENIN JOHN S | U124: II | V124: AI & DS | W124: 25EC154 | X124: SNEHALATHA N | Y124: II | Z124: ECE | AA124: 25EC132 | AB124: PRIYA K | AC124: II | AD124: ECE | AE124: I acknowledge that all the team details provided in this form are correct and accurate to the best of my knowledge. I understand that I am responsible for ensuring the accuracy of the information submitted and accept responsibility for any errors or omissions.
A125: 46240.688 | B125: hariprashanna.v2024eee@sece.ac.in | C125: THE LAST COMMIT | D125: Software | E125: 24EE022 | F125: Magizhan A T | G125: III | H125: EEE | I125: 9952788717 | J125: magizhan.at2024eee@sece.ac.in | K125: 24EE014 | L125: HARIPRASHANNA V | M125: III | N125: EEE | O125: 24EE002 | P125: ABISHEK K | Q125: III | R125: EEE | S125: 24CS049 | T125: DHANASEELAN M | U125: III | V125: CSE | W125: 24AM124 | X125: YOGITA R | Y125: III | Z125: CSE (AIML) | AA125: 24AM111 | AB125: VANDHANA G M | AC125: III | AD125: CSE (AIML) | AE125: I acknowledge that all the team details provided in this form are correct and accurate to the best of my knowledge. I understand that I am responsible for ensuring the accuracy of the information submitted and accept responsibility for any errors or omissions.
A126: 46240.689 | B126: bhuvanahamsadvani.ks2025cse@sece.ac.in | C126: SCAR FACE | D126: Hardware | E126: 25CS001 | F126: ABHISHEIK RAJA ST | G126: II | H126: CSE | I126: 8903450031 | J126: abhisheikraja.st2025cse@sece.ac.in | K126: 25CS023 | L126: BHUVANAHAMSADVANI K S | M126: II | N126: CSE | O126: 25AM081 | P126: SAJITHA M | Q126: II | R126: CSE (AIML) | S126: 25AM107 | T126: TAMILSELVAN A | U126: II | V126: CSE (AIML) | W126: Lateral | X126: VISNU P | Y126: II | Z126: CSE | AA126: 25IT009 | AB126: Baranidharan | AC126: II | AD126: IT | AE126: I acknowledge that all the team details provided in this form are correct and accurate to the best of my knowledge. I understand that I am responsible for ensuring the accuracy of the information submitted and accept responsibility for any errors or omissions.
A127: 46240.689 | B127: kanishka.s2025it@sece.ac.in | C127: NOVA NEXUS | D127: Software | E127: 25CB003 | F127: ASWATHA S | G127: II | H127: CSBS | I127: 9952312646 | J127: aswatha.s2025csbs@sece.ac.in | K127: 25IT025 | L127: KANISHKA S | M127: II | N127: IT | O127: 25IT027 | P127: LAL GOWTHAM M | Q127: II | R127: IT | S127: 25IT036 | T127: NIKHIL RJ | U127: II | V127: IT | W127: 25CB023 | X127: KAVISRI V R | Y127: II | Z127: CSBS | AA127: 25AD206 | AB127: SRIHA P | AC127: II | AD127: AI & DS | AE127: I acknowledge that all the team details provided in this form are correct and accurate to the best of my knowledge. I understand that I am responsible for ensuring the accuracy of the information submitted and accept responsibility for any errors or omissions.
A128: 46240.689 | B128: shankar.v2024cse@sece.ac.in | C128: KNOWHERE | D128: Software | E128: 24CS224 | F128: SHANKAR V | G128: III | H128: CSE | I128: 9092055487 | J128: shankar.v2024cse@sece.ac.in | K128: 24CS262 | L128: VIBINCHANDAR AM | M128: III | N128: CSE | O128: 24CS229 | P128: SOWMIYA M S | Q128: III | R128: CSE | S128: 24CS240 | T128: SUGANTH V | U128: III | V128: CSE | W128: 24CS233 | X128: SRI SWATHIGA S | Y128: III | Z128: CSE | AA128: 24EE061 | AB128: VARUN KISHORE R A | AC128: III | AD128: EEE | AE128: I acknowledge that all the team details provided in this form are correct and accurate to the best of my knowledge. I understand that I am responsible for ensuring the accuracy of the information submitted and accept responsibility for any errors or omissions.
A129: 46240.692 | B129: enban.e2025aids@sece.ac.in | C129: Future Tech | D129: Software | E129: 25ADO41 | F129: Dharun S | G129: II | H129: AI & DS | I129: 9677972377 | J129: dharun.s2025aids@sece.ac.in | K129: 25AD050 | L129: ENBAN E | M129: II | N129: AI & DS | O129: 25AD060 | P129: HARI PRASANTH BM | Q129: II | R129: AI & DS | S129: 33 | T129: Dharani B | U129: II | V129: CSE (AIML) | W129: 029 | X129: Deebesh S | Y129: II | Z129: AI & DS | AA129: 25AD027 | AB129: CIBEIL D | AC129: II | AD129: AI & DS | AE129: I acknowledge that all the team details provided in this form are correct and accurate to the best of my knowledge. I understand that I am responsible for ensuring the accuracy of the information submitted and accept responsibility for any errors or omissions.
A130: 46240.692 | B130: harini.s2025cse@sece.ac.in | C130: ASTRANOVA | D130: Software | E130: 25CS067 | F130: HARINI S | G130: II | H130: CSE | I130: 6385234629 | J130: harini.s2025cse@sece.ac.in | K130: 25CS074 | L130: HEMAPRIYA K | M130: II | N130: CSE | O130: 25CS083 | P130: JAYAPRIYA R | Q130: II | R130: CSE | S130: 25EC049 | T130: GURU PRIYAN M | U130: II | V130: ECE | W130: 25EC050 | X130: GURUSARAN K | Y130: II | Z130: ECE | AA130: 25EC032 | AB130: DEERASH V R | AC130: II | AD130: ECE | AE130: I acknowledge that all the team details provided in this form are correct and accurate to the best of my knowledge. I understand that I am responsible for ensuring the accuracy of the information submitted and accept responsibility for any errors or omissions.
A131: 46240.694 | B131: gopika.s2025aiml@sece.ac.in | C131: Team pluto | D131: Software | E131: 25AM037 | F131: HARI BALAJI V | G131: II | H131: CSE (AIML) | I131: +91 93447 34456 | J131: haribalaji.v2025aiml@sece.ac.in | K131: 25AM033 | L131: GOPIKA S | M131: II | N131: CSE (AIML) | O131: 25AM063 | P131: MANISHA M | Q131: II | R131: CSE (AIML) | S131: 25AM059 | T131: MADHANKUMAR M | U131: II | V131: CSE (AIML) | W131: 25EE037 | X131: NITHYA SREE P | Y131: II | Z131: EEE | AA131: 25EC120 | AB131: NIRMAL M | AC131: II | AD131: ECE | AE131: I acknowledge that all the team details provided in this form are correct and accurate to the best of my knowledge. I understand that I am responsible for ensuring the accuracy of the information submitted and accept responsibility for any errors or omissions.
A132: 46240.694 | B132: divakar.b2025mech@sece.ac.in | C132: Deep Matrix | D132: Hardware | E132: 25EC086 | F132: LIKKITHA K | G132: II | H132: ECE | I132: 9342836652 | J132: likkitha.k2025ece@sece.ac.in | K132: 25ME008 | L132: DIVAKAR B | M132: II | N132: MECH | O132: 25EC091 | P132: MAMATHI S | Q132: II | R132: ECE | S132: 25CS239 | T132: VALARMATHI S | U132: II | V132: ECE | W132: 25EC118 | X132: NIKITHA M | Y132: II | Z132: ECE | AA132: 25CS240 | AB132: VARSHA V | AC132: II | AD132: CSE | AE132: I acknowledge that all the team details provided in this form are correct and accurate to the best of my knowledge. I understand that I am responsible for ensuring the accuracy of the information submitted and accept responsibility for any errors or omissions.
A133: 46240.695 | B133: sabaresh.k2025aids@sece.ac.in | C133: TEAM ASTRANOVA | D133: Software | E133: 25AD175 | F133: SABARESH K | G133: II | H133: AI & DS | I133: 9487047630 | J133: sabaresh.k2025aids@sece.ac.in | K133: 25AD136 | L133: NITESH S | M133: II | N133: AI & DS | O133: 25AD147 | P133: PRADEEP R K | Q133: II | R133: AI & DS | S133: 25AD128 | T133: NAVIN G V | U133: II | V133: AI & DS | W133: 25AD162 | X133: RAJAMATHALAI PRIYAESH V | Y133: II | Z133: AI & DS | AA133: 23AD002 | AB133: ABHIRAMI T | AC133: IV | AD133: AI & DS | AE133: I acknowledge that all the team details provided in this form are correct and accurate to the best of my knowledge. I understand that I am responsible for ensuring the accuracy of the information submitted and accept responsibility for any errors or omissions.
A134: 46240.695 | B134: elavarasi.s2025csbs@sece.ac.in | C134: VISION VAULT | D134: Software | E134: 25CB011 | F134: ELAVARASI S | G134: II | H134: CSBS | I134: 8838145637 | J134: elavarasi.s2025csbs@sece.ac.in | K134: 25CB058 | L134: UMAMAGESHWARI G | M134: II | N134: CSBS | O134: 25CB018 | P134: HARINI S | Q134: II | R134: CSBS | S134: 25EC119 | T134: NIKITHA SHREE S | U134: II | V134: ECE | W134: 25CB010 | X134: DEVESHWAR K | Y134: II | Z134: CSBS | AA134: 25CC006 | AB134: DHARUN SRIDHARAN S | AC134: II | AD134: CCE | AE134: I acknowledge that all the team details provided in this form are correct and accurate to the best of my knowledge. I understand that I am responsible for ensuring the accuracy of the information submitted and accept responsibility for any errors or omissions.
A135: 46240.695 | B135: harini.k2024cse@sece.ac.in | C135: Vision Makers | D135: Software | E135: 24CS075 | F135: Harini K | G135: III | H135: CSE | I135: 9360006314 | J135: harini.k2024cse@sece.ac.in | K135: 24CS074 | L135: Harini C H | M135: III | N135: CSE | O135: 24CS086 | P135: Heranyaa T P | Q135: III | R135: CSE | S135: 24CS274 | T135: Yuvashree K | U135: III | V135: CSE | W135: 25IT044 | X135: Rubavarshini S | Y135: II | Z135: IT | AA135: 25IT012 | AB135: DHANYA SHREE B | AC135: II | AD135: IT | AE135: I acknowledge that all the team details provided in this form are correct and accurate to the best of my knowledge. I understand that I am responsible for ensuring the accuracy of the information submitted and accept responsibility for any errors or omissions.
A136: 46240.696 | B136: darshan.ar2024cce@sece.ac.in | C136: HACKDRAGONS | D136: Software | E136: 25CC009 | F136: DARSHAN AR | G136: III | H136: CCE | I136: 8807715828 | J136: darshan.ar2024cce@sece.ac.in | K136: 24CC018 | L136: GOKULNAATH N | M136: III | N136: CCE | O136: 24CC035 | P136: Nitin M | Q136: III | R136: CCE | S136: 24CC058 | T136: TANYASRI G | U136: III | V136: CCE | W136: 24AD208 | X136: SIVAANGAYARKANNI S | Y136: III | Z136: AI & DS | AA136: 24CC059 | AB136: VARUNKUMAR SN | AC136: III | AD136: CCE | AE136: I acknowledge that all the team details provided in this form are correct and accurate to the best of my knowledge. I understand that I am responsible for ensuring the accuracy of the information submitted and accept responsibility for any errors or omissions.
A137: 46240.697 | B137: sudharsan.d2025ece@sece.ac.in | C137: Team Dynamite | D137: Hardware | E137: 25EC167 | F137: Sudharsan D | G137: II | H137: ECE | I137: 8220789655 | J137: sudharsan.d2025ece@sece.ac.in | K137: 25EC183 | L137: Vishnu Priyan K M | M137: II | N137: ECE | O137: 25EC178 | P137: Varshini K | Q137: II | R137: ECE | S137: 25EC155 | T137: Sonika T | U137: II | V137: ECE | W137: 25AD224 | X137: Thanus Raj M | Y137: II | Z137: AI & DS | AA137: 25AD252 | AB137: Yuva sankar S | AC137: II | AD137: AI & DS | AE137: I acknowledge that all the team details provided in this form are correct and accurate to the best of my knowledge. I understand that I am responsible for ensuring the accuracy of the information submitted and accept responsibility for any errors or omissions.
A138: 46240.697 | B138: rashmika.m2025aiml@sece.ac.in | C138: Invincibles | D138: Hardware | E138: 25AM077 | F138: Rashmika M | G138: II | H138: CSE (AIML) | I138: 9025986197 | J138: rashmika.m2025aiml@sece.ac.in | K138: 25AM114 | L138: Varun NS | M138: II | N138: CSE (AIML) | O138: 25AM083 | P138: Sakthi | Q138: II | R138: CSE (AIML) | S138: 25AM091 | T138: Sathurmugan | U138: II | V138: ECE | W138: 25EC044 | X138: Dhishaa G | Y138: II | Z138: ECE | AA138: 25ME024 | AB138: Siva prasath S | AC138: II | AD138: MECH | AE138: I acknowledge that all the team details provided in this form are correct and accurate to the best of my knowledge. I understand that I am responsible for ensuring the accuracy of the information submitted and accept responsibility for any errors or omissions.
A139: 46240.698 | B139: gopika.a2025cse@sece.ac.in | C139: INNOVEXA | D139: Software | E139: 25CS056 | F139: GOPIKA A | G139: II | H139: CSE | I139: 9345726470 | J139: gopika.a2025cse@sece.ac.in | K139: 25CS025 | L139: CHITRIKA E | M139: II | N139: CSE | O139: 25CS045 | P139: DHIPTHA B | Q139: II | R139: CSE | S139: 25CS059 | T139: HAJARAMMA R | U139: II | V139: CSE | W139: 25SY026 | X139: JIDEV ADAVA SUNJAY S | Y139: II | Z139: CSE (CYS) | AA139: 25CC053 | AB139: SOWBAKYA T | AC139: II | AD139: CCE | AE139: I acknowledge that all the team details provided in this form are correct and accurate to the best of my knowledge. I understand that I am responsible for ensuring the accuracy of the information submitted and accept responsibility for any errors or omissions.
A140: 46240.698 | B140: prajit.ss2024mech@sece.ac.in | C140: Divine Heirs | D140: Hardware | E140: 24ME018 | F140: PRAJIT SS | G140: III | H140: MECH | I140: 9445838131 | J140: prajit.ss2024mech@sece.ac.in | K140: 24ME013 | L140: LOKESH SS | M140: III | N140: MECH | O140: 24ME028 | P140: VISHAAL S | Q140: III | R140: MECH | S140: 24ME015 | T140: MYTHRAYANI S | U140: III | V140: MECH | W140: 24EC130 | X140: RUPESH NAWIN S | Y140: III | Z140: ECE | AA140: 24ME024 | AB140: SHREE MATHI MALAR M | AC140: III | AD140: MECH | AE140: I acknowledge that all the team details provided in this form are correct and accurate to the best of my knowledge. I understand that I am responsible for ensuring the accuracy of the information submitted and accept responsibility for any errors or omissions.
A141: 46240.7 | B141: lakshmanaprabha.ar2025aiml@sece.ac.in | C141: TechForge | D141: Hardware | E141: 25AM043 | F141: INIYAA V | G141: II | H141: CSE (AIML) | I141: 9042896828 | J141: iniyaa.v2025aiml@sece.ac.in | K141: 25AM042 | L141: HEMASRI S | M141: II | N141: CSE (AIML) | O141: 25AM056 | P141: LAKSHMANA PRABHA A R | Q141: II | R141: CSE (AIML) | S141: 25AM064 | T141: MITHUNSURYA K | U141: II | V141: CSE (AIML) | W141: 25EC187 | X141: YOGITH VISHNU S | Y141: II | Z141: ECE | AA141: 25EC158 | AB141: SRI DHARSHAN S | AC141: II | AD141: ECE | AE141: I acknowledge that all the team details provided in this form are correct and accurate to the best of my knowledge. I understand that I am responsible for ensuring the accuracy of the information submitted and accept responsibility for any errors or omissions.
A142: 46240.7 | B142: kriethikesh.rm2025cse@sece.ac.in | C142: The Tech Tribe | D142: Software | E142: 25CS110 | F142: KRIETHIKESH R M | G142: II | H142: CSE | I142: 9626213133 | J142: kriethikesh.rm2025cse@sece.ac.in | K142: 25CS070 | L142: HARIRAM N | M142: II | N142: CSE | O142: 25CS106 | P142: KISHOR KUMAR V | Q142: II | R142: CSE | S142: 25AD138 | T142: NITHYASRI V | U142: II | V142: AI & DS | W142: 25AD156 | X142: PRAVEENA S | Y142: II | Z142: AI & DS | AA142: 25AD158 | AB142: RAGAVI S | AC142: II | AD142: AI & DS | AE142: I acknowledge that all the team details provided in this form are correct and accurate to the best of my knowledge. I understand that I am responsible for ensuring the accuracy of the information submitted and accept responsibility for any errors or omissions.
A143: 46240.701 | B143: dharanikasubramaniamrevathi.2025eee@sece.ac.in | C143: CodeCrafters | D143: Software | E143: 25EE008 | F143: Dharanika S R | G143: II | H143: EEE | I143: 9043807537 | J143: dharanikasubramaniamrevathi.2025eee@sece.ac.in | K143: 2.5e+29 | L143: Midhun P | M143: II | N143: EEE | O143: 25EE011 | P143: Dhasvanth R | Q143: II | R143: EEE | S143: 25SY054 | T143: Surendhar B | U143: II | V143: CSE (CYS) | W143: 25SY053 | X143: Sugesh S | Y143: II | Z143: CSE (CYS) | AA143: 25SY036 | AB143: Logavinayagam P | AC143: II | AD143: CSE (CYS) | AE143: I acknowledge that all the team details provided in this form are correct and accurate to the best of my knowledge. I understand that I am responsible for ensuring the accuracy of the information submitted and accept responsibility for any errors or omissions.
A144: 46240.701 | B144: jayaasrimunilakshmi.s2025aids@sece.ac.in | C144: TEAM ENIGMA | D144: Software | E144: 25AD078 | F144: JAYAASRI MUNILAKSHMI S | G144: II | H144: AI & DS | I144: 8870146720 | J144: jayaasrimunilakshmi.s2025aids@sece.ac.in | K144: 25AD103 | L144: KEVIN CHRISTOPHER S | M144: II | N144: AI & DS | O144: 25AD101 | P144: KEERTHI DHARSHAN S L | Q144: II | R144: AI & DS | S144: 25EC014 | T144: AKSHAYAMATHI S | U144: II | V144: ECE | W144: 25ME025 | X144: SRIKANTH U S | Y144: II | Z144: MECH | AA144: 25ME019 | AB144: Murali Prasath E | AC144: II | AD144: MECH | AE144: I acknowledge that all the team details provided in this form are correct and accurate to the best of my knowledge. I understand that I am responsible for ensuring the accuracy of the information submitted and accept responsibility for any errors or omissions.
A145: 46240.701 | B145: preethika.s2024aids@sece.ac.in | C145: Team Vanguard | D145: Hardware | E145: 24AD162 | F145: Preethika S | G145: III | H145: AI & DS | I145: 8015183007 | J145: preethika.s2024aids@sece.ac.in | K145: 24AD019 | L145: Amirthavarshini P | M145: III | N145: AI & DS | O145: 24AD156 | P145: Pranav M | Q145: III | R145: AI & DS | S145: 24CB022 | T145: Kausika G | U145: III | V145: AI & DS | W145: 24EE049 | X145: Shreevishnu M | Y145: III | Z145: EEE | AA145: 24EE056 | AB145: Suryarajan G | AC145: III | AD145: EEE | AE145: I acknowledge that all the team details provided in this form are correct and accurate to the best of my knowledge. I understand that I am responsible for ensuring the accuracy of the information submitted and accept responsibility for any errors or omissions.
...

Sheet Consolidated
B2: Department | C2: Students Count
C3: II Year | D3: III Year | E3: IV Year | F3: Dept Total
B4: AIDS | C4: =SUM( COUNTIF('Form Responses'!E:E,"25AD*"), COUNTIF('Form Responses'!K:K,"25AD*"), COUNTIF('Form Responses'!O:O,"25AD*"), COUNTIF('Form Responses'!S:S,"25AD*"), COUNTIF('Form Responses'!W:W,"25AD*"), COUNTIF('Form Responses'!AA:AA,"25AD*") ) -> 204 | D4: =SUM( COUNTIF('Form Responses'!E:E,"24AD*"), COUNTIF('Form Responses'!K:K,"24AD*"), COUNTIF('Form Responses'!O:O,"24AD*"), COUNTIF('Form Responses'!S:S,"24AD*"), COUNTIF('Form Responses'!W:W,"24AD*"), COUNTIF('Form Responses'!AA:AA,"24AD*") ) -> 141 | E4: =SUM( COUNTIF('Form Responses'!E:E,"23AD*"), COUNTIF('Form Responses'!K:K,"23AD*"), COUNTIF('Form Responses'!O:O,"23AD*"), COUNTIF('Form Responses'!S:S,"23AD*"), COUNTIF('Form Responses'!W:W,"23AD*"), COUNTIF('Form Responses'!AA:AA,"23AD*") ) -> 7 | F4: =SUM(C4:E4) -> 352
B5: AIML | C5: =SUM( COUNTIF('Form Responses'!E:E,"25AM*"), COUNTIF('Form Responses'!K:K,"25AM*"), COUNTIF('Form Responses'!O:O,"25AM*"), COUNTIF('Form Responses'!S:S,"25AM*"), COUNTIF('Form Responses'!W:W,"25AM*"), COUNTIF('Form Responses'!AA:AA,"25AM*") ) -> 100 | D5: =SUM( COUNTIF('Form Responses'!E:E,"24AM*"), COUNTIF('Form Responses'!K:K,"24AM*"), COUNTIF('Form Responses'!O:O,"24AM*"), COUNTIF('Form Responses'!S:S,"24AM*"), COUNTIF('Form Responses'!W:W,"24AM*"), COUNTIF('Form Responses'!AA:AA,"24AM*") ) -> 96 | E5: =SUM( COUNTIF('Form Responses'!E:E,"23AM*"), COUNTIF('Form Responses'!K:K,"23AM*"), COUNTIF('Form Responses'!O:O,"23AM*"), COUNTIF('Form Responses'!S:S,"23AM*"), COUNTIF('Form Responses'!W:W,"23AM*"), COUNTIF('Form Responses'!AA:AA,"23AM*") ) -> 5 | F5: =SUM(C5:E5) -> 201
B6: CSE | C6: =SUM( COUNTIF('Form Responses'!E:E,"25CS*"), COUNTIF('Form Responses'!K:K,"25CS*"), COUNTIF('Form Responses'!O:O,"25CS*"), COUNTIF('Form Responses'!S:S,"25CS*"), COUNTIF('Form Responses'!W:W,"25CS*"), COUNTIF('Form Responses'!AA:AA,"25CS*") ) -> 195 | D6: =SUM( COUNTIF('Form Responses'!E:E,"24CS*"), COUNTIF('Form Responses'!K:K,"24CS*"), COUNTIF('Form Responses'!O:O,"24CS*"), COUNTIF('Form Responses'!S:S,"24CS*"), COUNTIF('Form Responses'!W:W,"24CS*"), COUNTIF('Form Responses'!AA:AA,"24CS*") ) -> 138 | E6: =SUM( COUNTIF('Form Responses'!E:E,"23CS*"), COUNTIF('Form Responses'!K:K,"23CS*"), COUNTIF('Form Responses'!O:O,"23CS*"), COUNTIF('Form Responses'!S:S,"23CS*"), COUNTIF('Form Responses'!W:W,"23CS*"), COUNTIF('Form Responses'!AA:AA,"23CS*") ) -> 3 | F6: =SUM(C6:E6) -> 336
B7: CCE | C7: =SUM( COUNTIF('Form Responses'!E:E,"25CC*"), COUNTIF('Form Responses'!K:K,"25CC*"), COUNTIF('Form Responses'!O:O,"25CC*"), COUNTIF('Form Responses'!S:S,"25CC*"), COUNTIF('Form Responses'!W:W,"25CC*"), COUNTIF('Form Responses'!AA:AA,"25CC*") ) -> 45 | D7: =SUM( COUNTIF('Form Responses'!E:E,"24CC*"), COUNTIF('Form Responses'!K:K,"24CC*"), COUNTIF('Form Responses'!O:O,"24CC*"), COUNTIF('Form Responses'!S:S,"24CC*"), COUNTIF('Form Responses'!W:W,"24CC*"), COUNTIF('Form Responses'!AA:AA,"24CC*") ) -> 33 | E7: =SUM( COUNTIF('Form Responses'!E:E,"23CC*"), COUNTIF('Form Responses'!K:K,"23CC*"), COUNTIF('Form Responses'!O:O,"23CC*"), COUNTIF('Form Responses'!S:S,"23CC*"), COUNTIF('Form Responses'!W:W,"23CC*"), COUNTIF('Form Responses'!AA:AA,"23CC*") ) -> 1 | F7: =SUM(C7:E7) -> 79
B8: CYS | C8: =SUM( COUNTIF('Form Responses'!E:E,"25SY*"), COUNTIF('Form Responses'!K:K,"25SY*"), COUNTIF('Form Responses'!O:O,"25SY*"), COUNTIF('Form Responses'!S:S,"25SY*"), COUNTIF('Form Responses'!W:W,"25SY*"), COUNTIF('Form Responses'!AA:AA,"25SY*") ) -> 53 | D8: =SUM( COUNTIF('Form Responses'!E:E,"24SY*"), COUNTIF('Form Responses'!K:K,"24SY*"), COUNTIF('Form Responses'!O:O,"24SY*"), COUNTIF('Form Responses'!S:S,"24SY*"), COUNTIF('Form Responses'!W:W,"24SY*"), COUNTIF('Form Responses'!AA:AA,"24SY*") ) -> 32 | E8: =SUM( COUNTIF('Form Responses'!E:E,"23SY*"), COUNTIF('Form Responses'!K:K,"23SY*"), COUNTIF('Form Responses'!O:O,"23SY*"), COUNTIF('Form Responses'!S:S,"23SY*"), COUNTIF('Form Responses'!W:W,"23SY*"), COUNTIF('Form Responses'!AA:AA,"23SY*") ) -> 0 | F8: =SUM(C8:E8) -> 85
B9: CSBS | C9: =SUM( COUNTIF('Form Responses'!E:E,"25CB*"), COUNTIF('Form Responses'!K:K,"25CB*"), COUNTIF('Form Responses'!O:O,"25CB*"), COUNTIF('Form Responses'!S:S,"25CB*"), COUNTIF('Form Responses'!W:W,"25CB*"), COUNTIF('Form Responses'!AA:AA,"25CB*") ) -> 56 | D9: =SUM( COUNTIF('Form Responses'!E:E,"24CB*"), COUNTIF('Form Responses'!K:K,"24CB*"), COUNTIF('Form Responses'!O:O,"24CB*"), COUNTIF('Form Responses'!S:S,"24CB*"), COUNTIF('Form Responses'!W:W,"24CB*"), COUNTIF('Form Responses'!AA:AA,"24CB*") ) -> 35 | E9: =SUM( COUNTIF('Form Responses'!E:E,"23CB*"), COUNTIF('Form Responses'!K:K,"23CB*"), COUNTIF('Form Responses'!O:O,"23CB*"), COUNTIF('Form Responses'!S:S,"23CB*"), COUNTIF('Form Responses'!W:W,"23CB*"), COUNTIF('Form Responses'!AA:AA,"23CB*") ) -> 3 | F9: =SUM(C9:E9) -> 94
B10: IT | C10: =SUM( COUNTIF('Form Responses'!E:E,"25IT*"), COUNTIF('Form Responses'!K:K,"25IT*"), COUNTIF('Form Responses'!O:O,"25IT*"), COUNTIF('Form Responses'!S:S,"25IT*"), COUNTIF('Form Responses'!W:W,"25IT*"), COUNTIF('Form Responses'!AA:AA,"25IT*") ) -> 62 | D10: =SUM( COUNTIF('Form Responses'!E:E,"24IT*"), COUNTIF('Form Responses'!K:K,"24IT*"), COUNTIF('Form Responses'!O:O,"24IT*"), COUNTIF('Form Responses'!S:S,"24IT*"), COUNTIF('Form Responses'!W:W,"24IT*"), COUNTIF('Form Responses'!AA:AA,"24IT*") ) -> 40 | E10: =SUM( COUNTIF('Form Responses'!E:E,"23IT*"), COUNTIF('Form Responses'!K:K,"23IT*"), COUNTIF('Form Responses'!O:O,"23IT*"), COUNTIF('Form Responses'!S:S,"23IT*"), COUNTIF('Form Responses'!W:W,"23IT*"), COUNTIF('Form Responses'!AA:AA,"23IT*") ) -> 3 | F10: =SUM(C10:E10) -> 105
B11: ECE | C11: =SUM( COUNTIF('Form Responses'!E:E,"25EC*"), COUNTIF('Form Responses'!K:K,"25EC*"), COUNTIF('Form Responses'!O:O,"25EC*"), COUNTIF('Form Responses'!S:S,"25EC*"), COUNTIF('Form Responses'!W:W,"25EC*"), COUNTIF('Form Responses'!AA:AA,"25EC*") ) -> 170 | D11: =SUM( COUNTIF('Form Responses'!E:E,"24EC*"), COUNTIF('Form Responses'!K:K,"24EC*"), COUNTIF('Form Responses'!O:O,"24EC*"), COUNTIF('Form Responses'!S:S,"24EC*"), COUNTIF('Form Responses'!W:W,"24EC*"), COUNTIF('Form Responses'!AA:AA,"24EC*") ) -> 59 | E11: =SUM( COUNTIF('Form Responses'!E:E,"23EC*"), COUNTIF('Form Responses'!K:K,"23EC*"), COUNTIF('Form Responses'!O:O,"23EC*"), COUNTIF('Form Responses'!S:S,"23EC*"), COUNTIF('Form Responses'!W:W,"23EC*"), COUNTIF('Form Responses'!AA:AA,"23EC*") ) -> 3 | F11: =SUM(C11:E11) -> 232
B12: EEE | C12: =SUM( COUNTIF('Form Responses'!E:E,"25EE*"), COUNTIF('Form Responses'!K:K,"25EE*"), COUNTIF('Form Responses'!O:O,"25EE*"), COUNTIF('Form Responses'!S:S,"25EE*"), COUNTIF('Form Responses'!W:W,"25EE*"), COUNTIF('Form Responses'!AA:AA,"25EE*") ) -> 51 | D12: =SUM( COUNTIF('Form Responses'!E:E,"24EE*"), COUNTIF('Form Responses'!K:K,"24EE*"), COUNTIF('Form Responses'!O:O,"24EE*"), COUNTIF('Form Responses'!S:S,"24EE*"), COUNTIF('Form Responses'!W:W,"24EE*"), COUNTIF('Form Responses'!AA:AA,"24EE*") ) -> 29 | E12: =SUM( COUNTIF('Form Responses'!E:E,"23EE*"), COUNTIF('Form Responses'!K:K,"23EE*"), COUNTIF('Form Responses'!O:O,"23EE*"), COUNTIF('Form Responses'!S:S,"23EE*"), COUNTIF('Form Responses'!W:W,"23EE*"), COUNTIF('Form Responses'!AA:AA,"23EE*") ) -> 0 | F12: =SUM(C12:E12) -> 80
B13: MECH | C13: =SUM( COUNTIF('Form Responses'!E:E,"25ME*"), COUNTIF('Form Responses'!K:K,"25ME*"), COUNTIF('Form Responses'!O:O,"25ME*"), COUNTIF('Form Responses'!S:S,"25ME*"), COUNTIF('Form Responses'!W:W,"25ME*"), COUNTIF('Form Responses'!AA:AA,"25ME*") ) -> 16 | D13: =SUM( COUNTIF('Form Responses'!E:E,"24ME*"), COUNTIF('Form Responses'!K:K,"24ME*"), COUNTIF('Form Responses'!O:O,"24ME*"), COUNTIF('Form Responses'!S:S,"24ME*"), COUNTIF('Form Responses'!W:W,"24ME*"), COUNTIF('Form Responses'!AA:AA,"24ME*") ) -> 8 | E13: =SUM( COUNTIF('Form Responses'!E:E,"23ME*"), COUNTIF('Form Responses'!K:K,"23ME*"), COUNTIF('Form Responses'!O:O,"23ME*"), COUNTIF('Form Responses'!S:S,"23ME*"), COUNTIF('Form Responses'!W:W,"23ME*"), COUNTIF('Form Responses'!AA:AA,"23ME*") ) -> 0 | F13: =SUM(C13:E13) -> 24
B14: Year-wise Total | C14: =SUM(C4:C13) -> 952 | D14: =SUM(D4:D13) -> 611 | E14: =SUM(E4:E13) -> 25
B15: Total Students | C15: =SUM(C14:E14) -> 1588
B16: Total Teams | C16: =COUNTA('Form Responses'!C2:C1000) -> 273

Sheet Team Details
A1: S.No | B1: Team Name | C1: Members | D1: Roll Number | E1: Name of the Student | F1: Year of Study | G1: Department | H1: Contact Number | I1: Email ID | J1: Category
A2: 1 | B2: {=INDEX('Form Responses'!$C:$C,INT((ROW()-2)/6)+2)} -> AUTOM SQUAD | C2: Team Leader | D2: {=LET( roll, CHOOSE( MOD(ROW()-2,6)+1, INDEX('Form Responses'!E:E,INT((ROW()-2)/6)+2), INDEX('Form Responses'!K:K,INT((ROW()-2)/6)+2), INDEX('Form Responses'!O:O,INT((ROW()-2)/6)+2), INDEX('Form Responses'!S:S,INT((ROW()-2)/6)+2), INDEX('Form Responses'!W:W,INT((ROW()-2)/6)+2), INDEX('Form Responses'!AA:AA,INT((ROW()-2)/6)+2) ), IF(roll="","--NA--",roll) )} -> 23CS083 | E2: {=LET( roll, CHOOSE( MOD(ROW()-2,6)+1, INDEX('Form Responses'!F:F,INT((ROW()-2)/6)+2), INDEX('Form Responses'!L:L,INT((ROW()-2)/6)+2), INDEX('Form Responses'!P:P,INT((ROW()-2)/6)+2), INDEX('Form Responses'!T:T,INT((ROW()-2)/6)+2), INDEX('Form Responses'!X:X,INT((ROW()-2)/6)+2), INDEX('Form Responses'!AB:AB,INT((ROW()-2)/6)+2) ), IF(roll="","--NA--",roll) )} -> MANISH RAGHUL S J | F2: {=LET( roll, CHOOSE( MOD(ROW()-2,6)+1, INDEX('Form Responses'!G:G,INT((ROW()-2)/6)+2), INDEX('Form Responses'!M:M,INT((ROW()-2)/6)+2), INDEX('Form Responses'!Q:Q,INT((ROW()-2)/6)+2), INDEX('Form Responses'!U:U,INT((ROW()-2)/6)+2), INDEX('Form Responses'!Y:Y,INT((ROW()-2)/6)+2), INDEX('Form Responses'!AC:AC,INT((ROW()-2)/6)+2) ), IF(roll="","--NA--",roll) )} -> IV | G2: {=LET( roll, CHOOSE( MOD(ROW()-2,6)+1, INDEX('Form Responses'!H:H,INT((ROW()-2)/6)+2), INDEX('Form Responses'!N:N,INT((ROW()-2)/6)+2), INDEX('Form Responses'!R:R,INT((ROW()-2)/6)+2), INDEX('Form Responses'!V:V,INT((ROW()-2)/6)+2), INDEX('Form Responses'!Z:Z,INT((ROW()-2)/6)+2), INDEX('Form Responses'!AD:AD,INT((ROW()-2)/6)+2) ), IF(roll="","--NA--",roll) )} -> CSE | H2: {=IF( MOD(ROW()-2,6)=0, INDEX('Form Responses'!I:I,INT((ROW()-2)/6)+2), "-- NA --" )} -> 8220563218 | I2: {=IF( MOD(ROW()-2,6)=0, INDEX('Form Responses'!J:J,INT((ROW()-2)/6)+2), "-- NA --" )} -> manishraghul.sj2023cse@sece.ac.in | J2: {=INDEX('Form Responses'!$D:$D,INT((ROW()-2)/6)+2)} -> Hardware
A3: 2 | C3: Member 2 | D3: {=LET( roll, CHOOSE( MOD(ROW()-2,6)+1, INDEX('Form Responses'!E:E,INT((ROW()-2)/6)+2), INDEX('Form Responses'!K:K,INT((ROW()-2)/6)+2), INDEX('Form Responses'!O:O,INT((ROW()-2)/6)+2), INDEX('Form Responses'!S:S,INT((ROW()-2)/6)+2), INDEX('Form Responses'!W:W,INT((ROW()-2)/6)+2), INDEX('Form Responses'!AA:AA,INT((ROW()-2)/6)+2) ), IF(roll="","--NA--",roll) )} -> 24CC005 | E3: {=LET( roll, CHOOSE( MOD(ROW()-2,6)+1, INDEX('Form Responses'!F:F,INT((ROW()-2)/6)+2), INDEX('Form Responses'!L:L,INT((ROW()-2)/6)+2), INDEX('Form Responses'!P:P,INT((ROW()-2)/6)+2), INDEX('Form Responses'!T:T,INT((ROW()-2)/6)+2), INDEX('Form Responses'!X:X,INT((ROW()-2)/6)+2), INDEX('Form Responses'!AB:AB,INT((ROW()-2)/6)+2) ), IF(roll="","--NA--",roll) )} -> ANGELIN SHARMELL E | F3: {=LET( roll, CHOOSE( MOD(ROW()-2,6)+1, INDEX('Form Responses'!G:G,INT((ROW()-2)/6)+2), INDEX('Form Responses'!M:M,INT((ROW()-2)/6)+2), INDEX('Form Responses'!Q:Q,INT((ROW()-2)/6)+2), INDEX('Form Responses'!U:U,INT((ROW()-2)/6)+2), INDEX('Form Responses'!Y:Y,INT((ROW()-2)/6)+2), INDEX('Form Responses'!AC:AC,INT((ROW()-2)/6)+2) ), IF(roll="","--NA--",roll) )} -> III | G3: {=LET( roll, CHOOSE( MOD(ROW()-2,6)+1, INDEX('Form Responses'!H:H,INT((ROW()-2)/6)+2), INDEX('Form Responses'!N:N,INT((ROW()-2)/6)+2), INDEX('Form Responses'!R:R,INT((ROW()-2)/6)+2), INDEX('Form Responses'!V:V,INT((ROW()-2)/6)+2), INDEX('Form Responses'!Z:Z,INT((ROW()-2)/6)+2), INDEX('Form Responses'!AD:AD,INT((ROW()-2)/6)+2) ), IF(roll="","--NA--",roll) )} -> CCE | H3: {=IF( MOD(ROW()-2,6)=0, INDEX('Form Responses'!I:I,INT((ROW()-2)/6)+2), "-- NA --" )} -> -- NA -- | I3: {=IF( MOD(ROW()-2,6)=0, INDEX('Form Responses'!J:J,INT((ROW()-2)/6)+2), "-- NA --" )} -> -- NA --
A4: 3 | C4: Member 3 | D4: {=LET( roll, CHOOSE( MOD(ROW()-2,6)+1, INDEX('Form Responses'!E:E,INT((ROW()-2)/6)+2), INDEX('Form Responses'!K:K,INT((ROW()-2)/6)+2), INDEX('Form Responses'!O:O,INT((ROW()-2)/6)+2), INDEX('Form Responses'!S:S,INT((ROW()-2)/6)+2), INDEX('Form Responses'!W:W,INT((ROW()-2)/6)+2), INDEX('Form Responses'!AA:AA,INT((ROW()-2)/6)+2) ), IF(roll="","--NA--",roll) )} -> 25CS147 | E4: {=LET( roll, CHOOSE( MOD(ROW()-2,6)+1, INDEX('Form Responses'!F:F,INT((ROW()-2)/6)+2), INDEX('Form Responses'!L:L,INT((ROW()-2)/6)+2), INDEX('Form Responses'!P:P,INT((ROW()-2)/6)+2), INDEX('Form Responses'!T:T,INT((ROW()-2)/6)+2), INDEX('Form Responses'!X:X,INT((ROW()-2)/6)+2), INDEX('Form Responses'!AB:AB,INT((ROW()-2)/6)+2) ), IF(roll="","--NA--",roll) )} -> NETHRA V D | F4: {=LET( roll, CHOOSE( MOD(ROW()-2,6)+1, INDEX('Form Responses'!G:G,INT((ROW()-2)/6)+2), INDEX('Form Responses'!M:M,INT((ROW()-2)/6)+2), INDEX('Form Responses'!Q:Q,INT((ROW()-2)/6)+2), INDEX('Form Responses'!U:U,INT((ROW()-2)/6)+2), INDEX('Form Responses'!Y:Y,INT((ROW()-2)/6)+2), INDEX('Form Responses'!AC:AC,INT((ROW()-2)/6)+2) ), IF(roll="","--NA--",roll) )} -> II | G4: {=LET( roll, CHOOSE( MOD(ROW()-2,6)+1, INDEX('Form Responses'!H:H,INT((ROW()-2)/6)+2), INDEX('Form Responses'!N:N,INT((ROW()-2)/6)+2), INDEX('Form Responses'!R:R,INT((ROW()-2)/6)+2), INDEX('Form Responses'!V:V,INT((ROW()-2)/6)+2), INDEX('Form Responses'!Z:Z,INT((ROW()-2)/6)+2), INDEX('Form Responses'!AD:AD,INT((ROW()-2)/6)+2) ), IF(roll="","--NA--",roll) )} -> CSE | H4: {=IF( MOD(ROW()-2,6)=0, INDEX('Form Responses'!I:I,INT((ROW()-2)/6)+2), "-- NA --" )} -> -- NA -- | I4: {=IF( MOD(ROW()-2,6)=0, INDEX('Form Responses'!J:J,INT((ROW()-2)/6)+2), "-- NA --" )} -> -- NA --
A5: 4 | C5: Member 4 | D5: {=LET( roll, CHOOSE( MOD(ROW()-2,6)+1, INDEX('Form Responses'!E:E,INT((ROW()-2)/6)+2), INDEX('Form Responses'!K:K,INT((ROW()-2)/6)+2), INDEX('Form Responses'!O:O,INT((ROW()-2)/6)+2), INDEX('Form Responses'!S:S,INT((ROW()-2)/6)+2), INDEX('Form Responses'!W:W,INT((ROW()-2)/6)+2), INDEX('Form Responses'!AA:AA,INT((ROW()-2)/6)+2) ), IF(roll="","--NA--",roll) )} -> 25CS150 | E5: {=LET( roll, CHOOSE( MOD(ROW()-2,6)+1, INDEX('Form Responses'!F:F,INT((ROW()-2)/6)+2), INDEX('Form Responses'!L:L,INT((ROW()-2)/6)+2), INDEX('Form Responses'!P:P,INT((ROW()-2)/6)+2), INDEX('Form Responses'!T:T,INT((ROW()-2)/6)+2), INDEX('Form Responses'!X:X,INT((ROW()-2)/6)+2), INDEX('Form Responses'!AB:AB,INT((ROW()-2)/6)+2) ), IF(roll="","--NA--",roll) )} -> NIRMAL S R | F5: {=LET( roll, CHOOSE( MOD(ROW()-2,6)+1, INDEX('Form Responses'!G:G,INT((ROW()-2)/6)+2), INDEX('Form Responses'!M:M,INT((ROW()-2)/6)+2), INDEX('Form Responses'!Q:Q,INT((ROW()-2)/6)+2), INDEX('Form Responses'!U:U,INT((ROW()-2)/6)+2), INDEX('Form Responses'!Y:Y,INT((ROW()-2)/6)+2), INDEX('Form Responses'!AC:AC,INT((ROW()-2)/6)+2) ), IF(roll="","--NA--",roll) )} -> II | G5: {=LET( roll, CHOOSE( MOD(ROW()-2,6)+1, INDEX('Form Responses'!H:H,INT((ROW()-2)/6)+2), INDEX('Form Responses'!N:N,INT((ROW()-2)/6)+2), INDEX('Form Responses'!R:R,INT((ROW()-2)/6)+2), INDEX('Form Responses'!V:V,INT((ROW()-2)/6)+2), INDEX('Form Responses'!Z:Z,INT((ROW()-2)/6)+2), INDEX('Form Responses'!AD:AD,INT((ROW()-2)/6)+2) ), IF(roll="","--NA--",roll) )} -> CSE | H5: {=IF( MOD(ROW()-2,6)=0, INDEX('Form Responses'!I:I,INT((ROW()-2)/6)+2), "-- NA --" )} -> -- NA -- | I5: {=IF( MOD(ROW()-2,6)=0, INDEX('Form Responses'!J:J,INT((ROW()-2)/6)+2), "-- NA --" )} -> -- NA --
A6: 5 | C6: Member 5 | D6: {=LET( roll, CHOOSE( MOD(ROW()-2,6)+1, INDEX('Form Responses'!E:E,INT((ROW()-2)/6)+2), INDEX('Form Responses'!K:K,INT((ROW()-2)/6)+2), INDEX('Form Responses'!O:O,INT((ROW()-2)/6)+2), INDEX('Form Responses'!S:S,INT((ROW()-2)/6)+2), INDEX('Form Responses'!W:W,INT((ROW()-2)/6)+2), INDEX('Form Responses'!AA:AA,INT((ROW()-2)/6)+2) ), IF(roll="","--NA--",roll) )} -> 25EC033 | E6: {=LET( roll, CHOOSE( MOD(ROW()-2,6)+1, INDEX('Form Responses'!F:F,INT((ROW()-2)/6)+2), INDEX('Form Responses'!L:L,INT((ROW()-2)/6)+2), INDEX('Form Responses'!P:P,INT((ROW()-2)/6)+2), INDEX('Form Responses'!T:T,INT((ROW()-2)/6)+2), INDEX('Form Responses'!X:X,INT((ROW()-2)/6)+2), INDEX('Form Responses'!AB:AB,INT((ROW()-2)/6)+2) ), IF(roll="","--NA--",roll) )} -> DEVANAND I | F6: {=LET( roll, CHOOSE( MOD(ROW()-2,6)+1, INDEX('Form Responses'!G:G,INT((ROW()-2)/6)+2), INDEX('Form Responses'!M:M,INT((ROW()-2)/6)+2), INDEX('Form Responses'!Q:Q,INT((ROW()-2)/6)+2), INDEX('Form Responses'!U:U,INT((ROW()-2)/6)+2), INDEX('Form Responses'!Y:Y,INT((ROW()-2)/6)+2), INDEX('Form Responses'!AC:AC,INT((ROW()-2)/6)+2) ), IF(roll="","--NA--",roll) )} -> II | G6: {=LET( roll, CHOOSE( MOD(ROW()-2,6)+1, INDEX('Form Responses'!H:H,INT((ROW()-2)/6)+2), INDEX('Form Responses'!N:N,INT((ROW()-2)/6)+2), INDEX('Form Responses'!R:R,INT((ROW()-2)/6)+2), INDEX('Form Responses'!V:V,INT((ROW()-2)/6)+2), INDEX('Form Responses'!Z:Z,INT((ROW()-2)/6)+2), INDEX('Form Responses'!AD:AD,INT((ROW()-2)/6)+2) ), IF(roll="","--NA--",roll) )} -> ECE | H6: {=IF( MOD(ROW()-2,6)=0, INDEX('Form Responses'!I:I,INT((ROW()-2)/6)+2), "-- NA --" )} -> -- NA -- | I6: {=IF( MOD(ROW()-2,6)=0, INDEX('Form Responses'!J:J,INT((ROW()-2)/6)+2), "-- NA --" )} -> -- NA --
A7: 6 | C7: Member 6 | D7: {=LET( roll, CHOOSE( MOD(ROW()-2,6)+1, INDEX('Form Responses'!E:E,INT((ROW()-2)/6)+2), INDEX('Form Responses'!K:K,INT((ROW()-2)/6)+2), INDEX('Form Responses'!O:O,INT((ROW()-2)/6)+2), INDEX('Form Responses'!S:S,INT((ROW()-2)/6)+2), INDEX('Form Responses'!W:W,INT((ROW()-2)/6)+2), INDEX('Form Responses'!AA:AA,INT((ROW()-2)/6)+2) ), IF(roll="","--NA--",roll) )} -> 25CS030 | E7: {=LET( roll, CHOOSE( MOD(ROW()-2,6)+1, INDEX('Form Responses'!F:F,INT((ROW()-2)/6)+2), INDEX('Form Responses'!L:L,INT((ROW()-2)/6)+2), INDEX('Form Responses'!P:P,INT((ROW()-2)/6)+2), INDEX('Form Responses'!T:T,INT((ROW()-2)/6)+2), INDEX('Form Responses'!X:X,INT((ROW()-2)/6)+2), INDEX('Form Responses'!AB:AB,INT((ROW()-2)/6)+2) ), IF(roll="","--NA--",roll) )} -> DEEPIKA K | F7: {=LET( roll, CHOOSE( MOD(ROW()-2,6)+1, INDEX('Form Responses'!G:G,INT((ROW()-2)/6)+2), INDEX('Form Responses'!M:M,INT((ROW()-2)/6)+2), INDEX('Form Responses'!Q:Q,INT((ROW()-2)/6)+2), INDEX('Form Responses'!U:U,INT((ROW()-2)/6)+2), INDEX('Form Responses'!Y:Y,INT((ROW()-2)/6)+2), INDEX('Form Responses'!AC:AC,INT((ROW()-2)/6)+2) ), IF(roll="","--NA--",roll) )} -> II | G7: {=LET( roll, CHOOSE( MOD(ROW()-2,6)+1, INDEX('Form Responses'!H:H,INT((ROW()-2)/6)+2), INDEX('Form Responses'!N:N,INT((ROW()-2)/6)+2), INDEX('Form Responses'!R:R,INT((ROW()-2)/6)+2), INDEX('Form Responses'!V:V,INT((ROW()-2)/6)+2), INDEX('Form Responses'!Z:Z,INT((ROW()-2)/6)+2), INDEX('Form Responses'!AD:AD,INT((ROW()-2)/6)+2) ), IF(roll="","--NA--",roll) )} -> CSE | H7: {=IF( MOD(ROW()-2,6)=0, INDEX('Form Responses'!I:I,INT((ROW()-2)/6)+2), "-- NA --" )} -> -- NA -- | I7: {=IF( MOD(ROW()-2,6)=0, INDEX('Form Responses'!J:J,INT((ROW()-2)/6)+2), "-- NA --" )} -> -- NA --
A8: 7 | B8: {=INDEX('Form Responses'!$C:$C,INT((ROW()-2)/6)+2)} -> TEAM JARVIS | C8: Team Leader | D8: {=LET( roll, CHOOSE( MOD(ROW()-2,6)+1, INDEX('Form Responses'!E:E,INT((ROW()-2)/6)+2), INDEX('Form Responses'!K:K,INT((ROW()-2)/6)+2), INDEX('Form Responses'!O:O,INT((ROW()-2)/6)+2), INDEX('Form Responses'!S:S,INT((ROW()-2)/6)+2), INDEX('Form Responses'!W:W,INT((ROW()-2)/6)+2), INDEX('Form Responses'!AA:AA,INT((ROW()-2)/6)+2) ), IF(roll="","--NA--",roll) )} -> 25AD030 | E8: {=LET( roll, CHOOSE( MOD(ROW()-2,6)+1, INDEX('Form Responses'!F:F,INT((ROW()-2)/6)+2), INDEX('Form Responses'!L:L,INT((ROW()-2)/6)+2), INDEX('Form Responses'!P:P,INT((ROW()-2)/6)+2), INDEX('Form Responses'!T:T,INT((ROW()-2)/6)+2), INDEX('Form Responses'!X:X,INT((ROW()-2)/6)+2), INDEX('Form Responses'!AB:AB,INT((ROW()-2)/6)+2) ), IF(roll="","--NA--",roll) )} -> DEEPAK M S | F8: {=LET( roll, CHOOSE( MOD(ROW()-2,6)+1, INDEX('Form Responses'!G:G,INT((ROW()-2)/6)+2), INDEX('Form Responses'!M:M,INT((ROW()-2)/6)+2), INDEX('Form Responses'!Q:Q,INT((ROW()-2)/6)+2), INDEX('Form Responses'!U:U,INT((ROW()-2)/6)+2), INDEX('Form Responses'!Y:Y,INT((ROW()-2)/6)+2), INDEX('Form Responses'!AC:AC,INT((ROW()-2)/6)+2) ), IF(roll="","--NA--",roll) )} -> II | G8: {=LET( roll, CHOOSE( MOD(ROW()-2,6)+1, INDEX('Form Responses'!H:H,INT((ROW()-2)/6)+2), INDEX('Form Responses'!N:N,INT((ROW()-2)/6)+2), INDEX('Form Responses'!R:R,INT((ROW()-2)/6)+2), INDEX('Form Responses'!V:V,INT((ROW()-2)/6)+2), INDEX('Form Responses'!Z:Z,INT((ROW()-2)/6)+2), INDEX('Form Responses'!AD:AD,INT((ROW()-2)/6)+2) ), IF(roll="","--NA--",roll) )} -> AI & DS | H8: {=IF( MOD(ROW()-2,6)=0, INDEX('Form Responses'!I:I,INT((ROW()-2)/6)+2), "-- NA --" )} -> 9361137378 | I8: {=IF( MOD(ROW()-2,6)=0, INDEX('Form Responses'!J:J,INT((ROW()-2)/6)+2), "-- NA --" )} -> deepak.ms2025aids@sece.ac.in | J8: {=INDEX('Form Responses'!$D:$D,INT((ROW()-2)/6)+2)} -> Hardware
A9: 8 | C9: Member 2 | D9: {=LET( roll, CHOOSE( MOD(ROW()-2,6)+1, INDEX('Form Responses'!E:E,INT((ROW()-2)/6)+2), INDEX('Form Responses'!K:K,INT((ROW()-2)/6)+2), INDEX('Form Responses'!O:O,INT((ROW()-2)/6)+2), INDEX('Form Responses'!S:S,INT((ROW()-2)/6)+2), INDEX('Form Responses'!W:W,INT((ROW()-2)/6)+2), INDEX('Form Responses'!AA:AA,INT((ROW()-2)/6)+2) ), IF(roll="","--NA--",roll) )} -> 24CB002 | E9: {=LET( roll, CHOOSE( MOD(ROW()-2,6)+1, INDEX('Form Responses'!F:F,INT((ROW()-2)/6)+2), INDEX('Form Responses'!L:L,INT((ROW()-2)/6)+2), INDEX('Form Responses'!P:P,INT((ROW()-2)/6)+2), INDEX('Form Responses'!T:T,INT((ROW()-2)/6)+2), INDEX('Form Responses'!X:X,INT((ROW()-2)/6)+2), INDEX('Form Responses'!AB:AB,INT((ROW()-2)/6)+2) ), IF(roll="","--NA--",roll) )} -> ANAS F | F9: {=LET( roll, CHOOSE( MOD(ROW()-2,6)+1, INDEX('Form Responses'!G:G,INT((ROW()-2)/6)+2), INDEX('Form Responses'!M:M,INT((ROW()-2)/6)+2), INDEX('Form Responses'!Q:Q,INT((ROW()-2)/6)+2), INDEX('Form Responses'!U:U,INT((ROW()-2)/6)+2), INDEX('Form Responses'!Y:Y,INT((ROW()-2)/6)+2), INDEX('Form Responses'!AC:AC,INT((ROW()-2)/6)+2) ), IF(roll="","--NA--",roll) )} -> III | G9: {=LET( roll, CHOOSE( MOD(ROW()-2,6)+1, INDEX('Form Responses'!H:H,INT((ROW()-2)/6)+2), INDEX('Form Responses'!N:N,INT((ROW()-2)/6)+2), INDEX('Form Responses'!R:R,INT((ROW()-2)/6)+2), INDEX('Form Responses'!V:V,INT((ROW()-2)/6)+2), INDEX('Form Responses'!Z:Z,INT((ROW()-2)/6)+2), INDEX('Form Responses'!AD:AD,INT((ROW()-2)/6)+2) ), IF(roll="","--NA--",roll) )} -> CSBS | H9: {=IF( MOD(ROW()-2,6)=0, INDEX('Form Responses'!I:I,INT((ROW()-2)/6)+2), "-- NA --" )} -> -- NA -- | I9: {=IF( MOD(ROW()-2,6)=0, INDEX('Form Responses'!J:J,INT((ROW()-2)/6)+2), "-- NA --" )} -> -- NA --
A10: 9 | C10: Member 3 | D10: {=LET( roll, CHOOSE( MOD(ROW()-2,6)+1, INDEX('Form Responses'!E:E,INT((ROW()-2)/6)+2), INDEX('Form Responses'!K:K,INT((ROW()-2)/6)+2), INDEX('Form Responses'!O:O,INT((ROW()-2)/6)+2), INDEX('Form Responses'!S:S,INT((ROW()-2)/6)+2), INDEX('Form Responses'!W:W,INT((ROW()-2)/6)+2), INDEX('Form Responses'!AA:AA,INT((ROW()-2)/6)+2) ), IF(roll="","--NA--",roll) )} -> 25AD019 | E10: {=LET( roll, CHOOSE( MOD(ROW()-2,6)+1, INDEX('Form Responses'!F:F,INT((ROW()-2)/6)+2), INDEX('Form Responses'!L:L,INT((ROW()-2)/6)+2), INDEX('Form Responses'!P:P,INT((ROW()-2)/6)+2), INDEX('Form Responses'!T:T,INT((ROW()-2)/6)+2), INDEX('Form Responses'!X:X,INT((ROW()-2)/6)+2), INDEX('Form Responses'!AB:AB,INT((ROW()-2)/6)+2) ), IF(roll="","--NA--",roll) )} -> ATCHAYA E | F10: {=LET( roll, CHOOSE( MOD(ROW()-2,6)+1, INDEX('Form Responses'!G:G,INT((ROW()-2)/6)+2), INDEX('Form Responses'!M:M,INT((ROW()-2)/6)+2), INDEX('Form Responses'!Q:Q,INT((ROW()-2)/6)+2), INDEX('Form Responses'!U:U,INT((ROW()-2)/6)+2), INDEX('Form Responses'!Y:Y,INT((ROW()-2)/6)+2), INDEX('Form Responses'!AC:AC,INT((ROW()-2)/6)+2) ), IF(roll="","--NA--",roll) )} -> II | G10: {=LET( roll, CHOOSE( MOD(ROW()-2,6)+1, INDEX('Form Responses'!H:H,INT((ROW()-2)/6)+2), INDEX('Form Responses'!N:N,INT((ROW()-2)/6)+2), INDEX('Form Responses'!R:R,INT((ROW()-2)/6)+2), INDEX('Form Responses'!V:V,INT((ROW()-2)/6)+2), INDEX('Form Responses'!Z:Z,INT((ROW()-2)/6)+2), INDEX('Form Responses'!AD:AD,INT((ROW()-2)/6)+2) ), IF(roll="","--NA--",roll) )} -> AI & DS | H10: {=IF( MOD(ROW()-2,6)=0, INDEX('Form Responses'!I:I,INT((ROW()-2)/6)+2), "-- NA --" )} -> -- NA -- | I10: {=IF( MOD(ROW()-2,6)=0, INDEX('Form Responses'!J:J,INT((ROW()-2)/6)+2), "-- NA --" )} -> -- NA --
A11: 10 | C11: Member 4 | D11: {=LET( roll, CHOOSE( MOD(ROW()-2,6)+1, INDEX('Form Responses'!E:E,INT((ROW()-2)/6)+2), INDEX('Form Responses'!K:K,INT((ROW()-2)/6)+2), INDEX('Form Responses'!O:O,INT((ROW()-2)/6)+2), INDEX('Form Responses'!S:S,INT((ROW()-2)/6)+2), INDEX('Form Responses'!W:W,INT((ROW()-2)/6)+2), INDEX('Form Responses'!AA:AA,INT((ROW()-2)/6)+2) ), IF(roll="","--NA--",roll) )} -> 25AD031 | E11: {=LET( roll, CHOOSE( MOD(ROW()-2,6)+1, INDEX('Form Responses'!F:F,INT((ROW()-2)/6)+2), INDEX('Form Responses'!L:L,INT((ROW()-2)/6)+2), INDEX('Form Responses'!P:P,INT((ROW()-2)/6)+2), INDEX('Form Responses'!T:T,INT((ROW()-2)/6)+2), INDEX('Form Responses'!X:X,INT((ROW()-2)/6)+2), INDEX('Form Responses'!AB:AB,INT((ROW()-2)/6)+2) ), IF(roll="","--NA--",roll) )} -> DEEPALAKSHMI S | F11: {=LET( roll, CHOOSE( MOD(ROW()-2,6)+1, INDEX('Form Responses'!G:G,INT((ROW()-2)/6)+2), INDEX('Form Responses'!M:M,INT((ROW()-2)/6)+2), INDEX('Form Responses'!Q:Q,INT((ROW()-2)/6)+2), INDEX('Form Responses'!U:U,INT((ROW()-2)/6)+2), INDEX('Form Responses'!Y:Y,INT((ROW()-2)/6)+2), INDEX('Form Responses'!AC:AC,INT((ROW()-2)/6)+2) ), IF(roll="","--NA--",roll) )} -> II | G11: {=LET( roll, CHOOSE( MOD(ROW()-2,6)+1, INDEX('Form Responses'!H:H,INT((ROW()-2)/6)+2), INDEX('Form Responses'!N:N,INT((ROW()-2)/6)+2), INDEX('Form Responses'!R:R,INT((ROW()-2)/6)+2), INDEX('Form Responses'!V:V,INT((ROW()-2)/6)+2), INDEX('Form Responses'!Z:Z,INT((ROW()-2)/6)+2), INDEX('Form Responses'!AD:AD,INT((ROW()-2)/6)+2) ), IF(roll="","--NA--",roll) )} -> AI & DS | H11: {=IF( MOD(ROW()-2,6)=0, INDEX('Form Responses'!I:I,INT((ROW()-2)/6)+2), "-- NA --" )} -> -- NA -- | I11: {=IF( MOD(ROW()-2,6)=0, INDEX('Form Responses'!J:J,INT((ROW()-2)/6)+2), "-- NA --" )} -> -- NA --
A12: 11 | C12: Member 5 | D12: {=LET( roll, CHOOSE( MOD(ROW()-2,6)+1, INDEX('Form Responses'!E:E,INT((ROW()-2)/6)+2), INDEX('Form Responses'!K:K,INT((ROW()-2)/6)+2), INDEX('Form Responses'!O:O,INT((ROW()-2)/6)+2), INDEX('Form Responses'!S:S,INT((ROW()-2)/6)+2), INDEX('Form Responses'!W:W,INT((ROW()-2)/6)+2), INDEX('Form Responses'!AA:AA,INT((ROW()-2)/6)+2) ), IF(roll="","--NA--",roll) )} -> 25EE059 | E12: {=LET( roll, CHOOSE( MOD(ROW()-2,6)+1, INDEX('Form Responses'!F:F,INT((ROW()-2)/6)+2), INDEX('Form Responses'!L:L,INT((ROW()-2)/6)+2), INDEX('Form Responses'!P:P,INT((ROW()-2)/6)+2), INDEX('Form Responses'!T:T,INT((ROW()-2)/6)+2), INDEX('Form Responses'!X:X,INT((ROW()-2)/6)+2), INDEX('Form Responses'!AB:AB,INT((ROW()-2)/6)+2) ), IF(roll="","--NA--",roll) )} -> VIJAY KARUPPUSAMY S | F12: {=LET( roll, CHOOSE( MOD(ROW()-2,6)+1, INDEX('Form Responses'!G:G,INT((ROW()-2)/6)+2), INDEX('Form Responses'!M:M,INT((ROW()-2)/6)+2), INDEX('Form Responses'!Q:Q,INT((ROW()-2)/6)+2), INDEX('Form Responses'!U:U,INT((ROW()-2)/6)+2), INDEX('Form Responses'!Y:Y,INT((ROW()-2)/6)+2), INDEX('Form Responses'!AC:AC,INT((ROW()-2)/6)+2) ), IF(roll="","--NA--",roll) )} -> II | G12: {=LET( roll, CHOOSE( MOD(ROW()-2,6)+1, INDEX('Form Responses'!H:H,INT((ROW()-2)/6)+2), INDEX('Form Responses'!N:N,INT((ROW()-2)/6)+2), INDEX('Form Responses'!R:R,INT((ROW()-2)/6)+2), INDEX('Form Responses'!V:V,INT((ROW()-2)/6)+2), INDEX('Form Responses'!Z:Z,INT((ROW()-2)/6)+2), INDEX('Form Responses'!AD:AD,INT((ROW()-2)/6)+2) ), IF(roll="","--NA--",roll) )} -> EEE | H12: {=IF( MOD(ROW()-2,6)=0, INDEX('Form Responses'!I:I,INT((ROW()-2)/6)+2), "-- NA --" )} -> -- NA -- | I12: {=IF( MOD(ROW()-2,6)=0, INDEX('Form Responses'!J:J,INT((ROW()-2)/6)+2), "-- NA --" )} -> -- NA --
A13: 12 | C13: Member 6 | D13: {=LET( roll, CHOOSE( MOD(ROW()-2,6)+1, INDEX('Form Responses'!E:E,INT((ROW()-2)/6)+2), INDEX('Form Responses'!K:K,INT((ROW()-2)/6)+2), INDEX('Form Responses'!O:O,INT((ROW()-2)/6)+2), INDEX('Form Responses'!S:S,INT((ROW()-2)/6)+2), INDEX('Form Responses'!W:W,INT((ROW()-2)/6)+2), INDEX('Form Responses'!AA:AA,INT((ROW()-2)/6)+2) ), IF(roll="","--NA--",roll) )} -> 25EE033 | E13: {=LET( roll, CHOOSE( MOD(ROW()-2,6)+1, INDEX('Form Responses'!F:F,INT((ROW()-2)/6)+2), INDEX('Form Responses'!L:L,INT((ROW()-2)/6)+2), INDEX('Form Responses'!P:P,INT((ROW()-2)/6)+2), INDEX('Form Responses'!T:T,INT((ROW()-2)/6)+2), INDEX('Form Responses'!X:X,INT((ROW()-2)/6)+2), INDEX('Form Responses'!AB:AB,INT((ROW()-2)/6)+2) ), IF(roll="","--NA--",roll) )} -> NESA RAJAN R | F13: {=LET( roll, CHOOSE( MOD(ROW()-2,6)+1, INDEX('Form Responses'!G:G,INT((ROW()-2)/6)+2), INDEX('Form Responses'!M:M,INT((ROW()-2)/6)+2), INDEX('Form Responses'!Q:Q,INT((ROW()-2)/6)+2), INDEX('Form Responses'!U:U,INT((ROW()-2)/6)+2), INDEX('Form Responses'!Y:Y,INT((ROW()-2)/6)+2), INDEX('Form Responses'!AC:AC,INT((ROW()-2)/6)+2) ), IF(roll="","--NA--",roll) )} -> II | G13: {=LET( roll, CHOOSE( MOD(ROW()-2,6)+1, INDEX('Form Responses'!H:H,INT((ROW()-2)/6)+2), INDEX('Form Responses'!N:N,INT((ROW()-2)/6)+2), INDEX('Form Responses'!R:R,INT((ROW()-2)/6)+2), INDEX('Form Responses'!V:V,INT((ROW()-2)/6)+2), INDEX('Form Responses'!Z:Z,INT((ROW()-2)/6)+2), INDEX('Form Responses'!AD:AD,INT((ROW()-2)/6)+2) ), IF(roll="","--NA--",roll) )} -> EEE | H13: {=IF( MOD(ROW()-2,6)=0, INDEX('Form Responses'!I:I,INT((ROW()-2)/6)+2), "-- NA --" )} -> -- NA -- | I13: {=IF( MOD(ROW()-2,6)=0, INDEX('Form Responses'!J:J,INT((ROW()-2)/6)+2), "-- NA --" )} -> -- NA --
A14: 13 | B14: {=INDEX('Form Responses'!$C:$C,INT((ROW()-2)/6)+2)} -> Syntax Squad | C14: Team Leader | D14: {=LET( roll, CHOOSE( MOD(ROW()-2,6)+1, INDEX('Form Responses'!E:E,INT((ROW()-2)/6)+2), INDEX('Form Responses'!K:K,INT((ROW()-2)/6)+2), INDEX('Form Responses'!O:O,INT((ROW()-2)/6)+2), INDEX('Form Responses'!S:S,INT((ROW()-2)/6)+2), INDEX('Form Responses'!W:W,INT((ROW()-2)/6)+2), INDEX('Form Responses'!AA:AA,INT((ROW()-2)/6)+2) ), IF(roll="","--NA--",roll) )} -> 24AD147 | E14: {=LET( roll, CHOOSE( MOD(ROW()-2,6)+1, INDEX('Form Responses'!F:F,INT((ROW()-2)/6)+2), INDEX('Form Responses'!L:L,INT((ROW()-2)/6)+2), INDEX('Form Responses'!P:P,INT((ROW()-2)/6)+2), INDEX('Form Responses'!T:T,INT((ROW()-2)/6)+2), INDEX('Form Responses'!X:X,INT((ROW()-2)/6)+2), INDEX('Form Responses'!AB:AB,INT((ROW()-2)/6)+2) ), IF(roll="","--NA--",roll) )} -> Nithish S | F14: {=LET( roll, CHOOSE( MOD(ROW()-2,6)+1, INDEX('Form Responses'!G:G,INT((ROW()-2)/6)+2), INDEX('Form Responses'!M:M,INT((ROW()-2)/6)+2), INDEX('Form Responses'!Q:Q,INT((ROW()-2)/6)+2), INDEX('Form Responses'!U:U,INT((ROW()-2)/6)+2), INDEX('Form Responses'!Y:Y,INT((ROW()-2)/6)+2), INDEX('Form Responses'!AC:AC,INT((ROW()-2)/6)+2) ), IF(roll="","--NA--",roll) )} -> III | G14: {=LET( roll, CHOOSE( MOD(ROW()-2,6)+1, INDEX('Form Responses'!H:H,INT((ROW()-2)/6)+2), INDEX('Form Responses'!N:N,INT((ROW()-2)/6)+2), INDEX('Form Responses'!R:R,INT((ROW()-2)/6)+2), INDEX('Form Responses'!V:V,INT((ROW()-2)/6)+2), INDEX('Form Responses'!Z:Z,INT((ROW()-2)/6)+2), INDEX('Form Responses'!AD:AD,INT((ROW()-2)/6)+2) ), IF(roll="","--NA--",roll) )} -> AI & DS | H14: {=IF( MOD(ROW()-2,6)=0, INDEX('Form Responses'!I:I,INT((ROW()-2)/6)+2), "-- NA --" )} -> 9080463640 | I14: {=IF( MOD(ROW()-2,6)=0, INDEX('Form Responses'!J:J,INT((ROW()-2)/6)+2), "-- NA --" )} -> nithish.s2024aids@sece.ac.in | J14: {=INDEX('Form Responses'!$D:$D,INT((ROW()-2)/6)+2)} -> Software
A15: 14 | C15: Member 2 | D15: {=LET( roll, CHOOSE( MOD(ROW()-2,6)+1, INDEX('Form Responses'!E:E,INT((ROW()-2)/6)+2), INDEX('Form Responses'!K:K,INT((ROW()-2)/6)+2), INDEX('Form Responses'!O:O,INT((ROW()-2)/6)+2), INDEX('Form Responses'!S:S,INT((ROW()-2)/6)+2), INDEX('Form Responses'!W:W,INT((ROW()-2)/6)+2), INDEX('Form Responses'!AA:AA,INT((ROW()-2)/6)+2) ), IF(roll="","--NA--",roll) )} -> 24AD163 | E15: {=LET( roll, CHOOSE( MOD(ROW()-2,6)+1, INDEX('Form Responses'!F:F,INT((ROW()-2)/6)+2), INDEX('Form Responses'!L:L,INT((ROW()-2)/6)+2), INDEX('Form Responses'!P:P,INT((ROW()-2)/6)+2), INDEX('Form Responses'!T:T,INT((ROW()-2)/6)+2), INDEX('Form Responses'!X:X,INT((ROW()-2)/6)+2), INDEX('Form Responses'!AB:AB,INT((ROW()-2)/6)+2) ), IF(roll="","--NA--",roll) )} -> PREM NARAYN N L | F15: {=LET( roll, CHOOSE( MOD(ROW()-2,6)+1, INDEX('Form Responses'!G:G,INT((ROW()-2)/6)+2), INDEX('Form Responses'!M:M,INT((ROW()-2)/6)+2), INDEX('Form Responses'!Q:Q,INT((ROW()-2)/6)+2), INDEX('Form Responses'!U:U,INT((ROW()-2)/6)+2), INDEX('Form Responses'!Y:Y,INT((ROW()-2)/6)+2), INDEX('Form Responses'!AC:AC,INT((ROW()-2)/6)+2) ), IF(roll="","--NA--",roll) )} -> III | G15: {=LET( roll, CHOOSE( MOD(ROW()-2,6)+1, INDEX('Form Responses'!H:H,INT((ROW()-2)/6)+2), INDEX('Form Responses'!N:N,INT((ROW()-2)/6)+2), INDEX('Form Responses'!R:R,INT((ROW()-2)/6)+2), INDEX('Form Responses'!V:V,INT((ROW()-2)/6)+2), INDEX('Form Responses'!Z:Z,INT((ROW()-2)/6)+2), INDEX('Form Responses'!AD:AD,INT((ROW()-2)/6)+2) ), IF(roll="","--NA--",roll) )} -> AI & DS | H15: {=IF( MOD(ROW()-2,6)=0, INDEX('Form Responses'!I:I,INT((ROW()-2)/6)+2), "-- NA --" )} -> -- NA -- | I15: {=IF( MOD(ROW()-2,6)=0, INDEX('Form Responses'!J:J,INT((ROW()-2)/6)+2), "-- NA --" )} -> -- NA --
A16: 15 | C16: Member 3 | D16: {=LET( roll, CHOOSE( MOD(ROW()-2,6)+1, INDEX('Form Responses'!E:E,INT((ROW()-2)/6)+2), INDEX('Form Responses'!K:K,INT((ROW()-2)/6)+2), INDEX('Form Responses'!O:O,INT((ROW()-2)/6)+2), INDEX('Form Responses'!S:S,INT((ROW()-2)/6)+2), INDEX('Form Responses'!W:W,INT((ROW()-2)/6)+2), INDEX('Form Responses'!AA:AA,INT((ROW()-2)/6)+2) ), IF(roll="","--NA--",roll) )} -> 24AD134 | E16: {=LET( roll, CHOOSE( MOD(ROW()-2,6)+1, INDEX('Form Responses'!F:F,INT((ROW()-2)/6)+2), INDEX('Form Responses'!L:L,INT((ROW()-2)/6)+2), INDEX('Form Responses'!P:P,INT((ROW()-2)/6)+2), INDEX('Form Responses'!T:T,INT((ROW()-2)/6)+2), INDEX('Form Responses'!X:X,INT((ROW()-2)/6)+2), INDEX('Form Responses'!AB:AB,INT((ROW()-2)/6)+2) ), IF(roll="","--NA--",roll) )} -> MUKESH KANNAN T | F16: {=LET( roll, CHOOSE( MOD(ROW()-2,6)+1, INDEX('Form Responses'!G:G,INT((ROW()-2)/6)+2), INDEX('Form Responses'!M:M,INT((ROW()-2)/6)+2), INDEX('Form Responses'!Q:Q,INT((ROW()-2)/6)+2), INDEX('Form Responses'!U:U,INT((ROW()-2)/6)+2), INDEX('Form Responses'!Y:Y,INT((ROW()-2)/6)+2), INDEX('Form Responses'!AC:AC,INT((ROW()-2)/6)+2) ), IF(roll="","--NA--",roll) )} -> III | G16: {=LET( roll, CHOOSE( MOD(ROW()-2,6)+1, INDEX('Form Responses'!H:H,INT((ROW()-2)/6)+2), INDEX('Form Responses'!N:N,INT((ROW()-2)/6)+2), INDEX('Form Responses'!R:R,INT((ROW()-2)/6)+2), INDEX('Form Responses'!V:V,INT((ROW()-2)/6)+2), INDEX('Form Responses'!Z:Z,INT((ROW()-2)/6)+2), INDEX('Form Responses'!AD:AD,INT((ROW()-2)/6)+2) ), IF(roll="","--NA--",roll) )} -> AI & DS | H16: {=IF( MOD(ROW()-2,6)=0, INDEX('Form Responses'!I:I,INT((ROW()-2)/6)+2), "-- NA --" )} -> -- NA -- | I16: {=IF( MOD(ROW()-2,6)=0, INDEX('Form Responses'!J:J,INT((ROW()-2)/6)+2), "-- NA --" )} -> -- NA --
A17: 16 | C17: Member 4 | D17: {=LET( roll, CHOOSE( MOD(ROW()-2,6)+1, INDEX('Form Responses'!E:E,INT((ROW()-2)/6)+2), INDEX('Form Responses'!K:K,INT((ROW()-2)/6)+2), INDEX('Form Responses'!O:O,INT((ROW()-2)/6)+2), INDEX('Form Responses'!S:S,INT((ROW()-2)/6)+2), INDEX('Form Responses'!W:W,INT((ROW()-2)/6)+2), INDEX('Form Responses'!AA:AA,INT((ROW()-2)/6)+2) ), IF(roll="","--NA--",roll) )} -> 24AD168 | E17: {=LET( roll, CHOOSE( MOD(ROW()-2,6)+1, INDEX('Form Responses'!F:F,INT((ROW()-2)/6)+2), INDEX('Form Responses'!L:L,INT((ROW()-2)/6)+2), INDEX('Form Responses'!P:P,INT((ROW()-2)/6)+2), INDEX('Form Responses'!T:T,INT((ROW()-2)/6)+2), INDEX('Form Responses'!X:X,INT((ROW()-2)/6)+2), INDEX('Form Responses'!AB:AB,INT((ROW()-2)/6)+2) ), IF(roll="","--NA--",roll) )} -> RAGHAV V | F17: {=LET( roll, CHOOSE( MOD(ROW()-2,6)+1, INDEX('Form Responses'!G:G,INT((ROW()-2)/6)+2), INDEX('Form Responses'!M:M,INT((ROW()-2)/6)+2), INDEX('Form Responses'!Q:Q,INT((ROW()-2)/6)+2), INDEX('Form Responses'!U:U,INT((ROW()-2)/6)+2), INDEX('Form Responses'!Y:Y,INT((ROW()-2)/6)+2), INDEX('Form Responses'!AC:AC,INT((ROW()-2)/6)+2) ), IF(roll="","--NA--",roll) )} -> III | G17: {=LET( roll, CHOOSE( MOD(ROW()-2,6)+1, INDEX('Form Responses'!H:H,INT((ROW()-2)/6)+2), INDEX('Form Responses'!N:N,INT((ROW()-2)/6)+2), INDEX('Form Responses'!R:R,INT((ROW()-2)/6)+2), INDEX('Form Responses'!V:V,INT((ROW()-2)/6)+2), INDEX('Form Responses'!Z:Z,INT((ROW()-2)/6)+2), INDEX('Form Responses'!AD:AD,INT((ROW()-2)/6)+2) ), IF(roll="","--NA--",roll) )} -> AI & DS | H17: {=IF( MOD(ROW()-2,6)=0, INDEX('Form Responses'!I:I,INT((ROW()-2)/6)+2), "-- NA --" )} -> -- NA -- | I17: {=IF( MOD(ROW()-2,6)=0, INDEX('Form Responses'!J:J,INT((ROW()-2)/6)+2), "-- NA --" )} -> -- NA --
A18: 17 | C18: Member 5 | D18: {=LET( roll, CHOOSE( MOD(ROW()-2,6)+1, INDEX('Form Responses'!E:E,INT((ROW()-2)/6)+2), INDEX('Form Responses'!K:K,INT((ROW()-2)/6)+2), INDEX('Form Responses'!O:O,INT((ROW()-2)/6)+2), INDEX('Form Responses'!S:S,INT((ROW()-2)/6)+2), INDEX('Form Responses'!W:W,INT((ROW()-2)/6)+2), INDEX('Form Responses'!AA:AA,INT((ROW()-2)/6)+2) ), IF(roll="","--NA--",roll) )} -> 24CS171 | E18: {=LET( roll, CHOOSE( MOD(ROW()-2,6)+1, INDEX('Form Responses'!F:F,INT((ROW()-2)/6)+2), INDEX('Form Responses'!L:L,INT((ROW()-2)/6)+2), INDEX('Form Responses'!P:P,INT((ROW()-2)/6)+2), INDEX('Form Responses'!T:T,INT((ROW()-2)/6)+2), INDEX('Form Responses'!X:X,INT((ROW()-2)/6)+2), INDEX('Form Responses'!AB:AB,INT((ROW()-2)/6)+2) ), IF(roll="","--NA--",roll) )} -> POOJA P | F18: {=LET( roll, CHOOSE( MOD(ROW()-2,6)+1, INDEX('Form Responses'!G:G,INT((ROW()-2)/6)+2), INDEX('Form Responses'!M:M,INT((ROW()-2)/6)+2), INDEX('Form Responses'!Q:Q,INT((ROW()-2)/6)+2), INDEX('Form Responses'!U:U,INT((ROW()-2)/6)+2), INDEX('Form Responses'!Y:Y,INT((ROW()-2)/6)+2), INDEX('Form Responses'!AC:AC,INT((ROW()-2)/6)+2) ), IF(roll="","--NA--",roll) )} -> III | G18: {=LET( roll, CHOOSE( MOD(ROW()-2,6)+1, INDEX('Form Responses'!H:H,INT((ROW()-2)/6)+2), INDEX('Form Responses'!N:N,INT((ROW()-2)/6)+2), INDEX('Form Responses'!R:R,INT((ROW()-2)/6)+2), INDEX('Form Responses'!V:V,INT((ROW()-2)/6)+2), INDEX('Form Responses'!Z:Z,INT((ROW()-2)/6)+2), INDEX('Form Responses'!AD:AD,INT((ROW()-2)/6)+2) ), IF(roll="","--NA--",roll) )} -> CSE | H18: {=IF( MOD(ROW()-2,6)=0, INDEX('Form Responses'!I:I,INT((ROW()-2)/6)+2), "-- NA --" )} -> -- NA -- | I18: {=IF( MOD(ROW()-2,6)=0, INDEX('Form Responses'!J:J,INT((ROW()-2)/6)+2), "-- NA --" )} -> -- NA --
A19: 18 | C19: Member 6 | D19: {=LET( roll, CHOOSE( MOD(ROW()-2,6)+1, INDEX('Form Responses'!E:E,INT((ROW()-2)/6)+2), INDEX('Form Responses'!K:K,INT((ROW()-2)/6)+2), INDEX('Form Responses'!O:O,INT((ROW()-2)/6)+2), INDEX('Form Responses'!S:S,INT((ROW()-2)/6)+2), INDEX('Form Responses'!W:W,INT((ROW()-2)/6)+2), INDEX('Form Responses'!AA:AA,INT((ROW()-2)/6)+2) ), IF(roll="","--NA--",roll) )} -> 24CS275 | E19: {=LET( roll, CHOOSE( MOD(ROW()-2,6)+1, INDEX('Form Responses'!F:F,INT((ROW()-2)/6)+2), INDEX('Form Responses'!L:L,INT((ROW()-2)/6)+2), INDEX('Form Responses'!P:P,INT((ROW()-2)/6)+2), INDEX('Form Responses'!T:T,INT((ROW()-2)/6)+2), INDEX('Form Responses'!X:X,INT((ROW()-2)/6)+2), INDEX('Form Responses'!AB:AB,INT((ROW()-2)/6)+2) ), IF(roll="","--NA--",roll) )} -> ZERA SHAHADIYA S | F19: {=LET( roll, CHOOSE( MOD(ROW()-2,6)+1, INDEX('Form Responses'!G:G,INT((ROW()-2)/6)+2), INDEX('Form Responses'!M:M,INT((ROW()-2)/6)+2), INDEX('Form Responses'!Q:Q,INT((ROW()-2)/6)+2), INDEX('Form Responses'!U:U,INT((ROW()-2)/6)+2), INDEX('Form Responses'!Y:Y,INT((ROW()-2)/6)+2), INDEX('Form Responses'!AC:AC,INT((ROW()-2)/6)+2) ), IF(roll="","--NA--",roll) )} -> III | G19: {=LET( roll, CHOOSE( MOD(ROW()-2,6)+1, INDEX('Form Responses'!H:H,INT((ROW()-2)/6)+2), INDEX('Form Responses'!N:N,INT((ROW()-2)/6)+2), INDEX('Form Responses'!R:R,INT((ROW()-2)/6)+2), INDEX('Form Responses'!V:V,INT((ROW()-2)/6)+2), INDEX('Form Responses'!Z:Z,INT((ROW()-2)/6)+2), INDEX('Form Responses'!AD:AD,INT((ROW()-2)/6)+2) ), IF(roll="","--NA--",roll) )} -> CSE | H19: {=IF( MOD(ROW()-2,6)=0, INDEX('Form Responses'!I:I,INT((ROW()-2)/6)+2), "-- NA --" )} -> -- NA -- | I19: {=IF( MOD(ROW()-2,6)=0, INDEX('Form Responses'!J:J,INT((ROW()-2)/6)+2), "-- NA --" )} -> -- NA --
A20: 19 | B20: {=INDEX('Form Responses'!$C:$C,INT((ROW()-2)/6)+2)} -> Code Catalyst | C20: Team Leader | D20: {=LET( roll, CHOOSE( MOD(ROW()-2,6)+1, INDEX('Form Responses'!E:E,INT((ROW()-2)/6)+2), INDEX('Form Responses'!K:K,INT((ROW()-2)/6)+2), INDEX('Form Responses'!O:O,INT((ROW()-2)/6)+2), INDEX('Form Responses'!S:S,INT((ROW()-2)/6)+2), INDEX('Form Responses'!W:W,INT((ROW()-2)/6)+2), INDEX('Form Responses'!AA:AA,INT((ROW()-2)/6)+2) ), IF(roll="","--NA--",roll) )} -> 24CB061 | E20: {=LET( roll, CHOOSE( MOD(ROW()-2,6)+1, INDEX('Form Responses'!F:F,INT((ROW()-2)/6)+2), INDEX('Form Responses'!L:L,INT((ROW()-2)/6)+2), INDEX('Form Responses'!P:P,INT((ROW()-2)/6)+2), INDEX('Form Responses'!T:T,INT((ROW()-2)/6)+2), INDEX('Form Responses'!X:X,INT((ROW()-2)/6)+2), INDEX('Form Responses'!AB:AB,INT((ROW()-2)/6)+2) ), IF(roll="","--NA--",roll) )} -> Vasanthraj S M | F20: {=LET( roll, CHOOSE( MOD(ROW()-2,6)+1, INDEX('Form Responses'!G:G,INT((ROW()-2)/6)+2), INDEX('Form Responses'!M:M,INT((ROW()-2)/6)+2), INDEX('Form Responses'!Q:Q,INT((ROW()-2)/6)+2), INDEX('Form Responses'!U:U,INT((ROW()-2)/6)+2), INDEX('Form Responses'!Y:Y,INT((ROW()-2)/6)+2), INDEX('Form Responses'!AC:AC,INT((ROW()-2)/6)+2) ), IF(roll="","--NA--",roll) )} -> III | G20: {=LET( roll, CHOOSE( MOD(ROW()-2,6)+1, INDEX('Form Responses'!H:H,INT((ROW()-2)/6)+2), INDEX('Form Responses'!N:N,INT((ROW()-2)/6)+2), INDEX('Form Responses'!R:R,INT((ROW()-2)/6)+2), INDEX('Form Responses'!V:V,INT((ROW()-2)/6)+2), INDEX('Form Responses'!Z:Z,INT((ROW()-2)/6)+2), INDEX('Form Responses'!AD:AD,INT((ROW()-2)/6)+2) ), IF(roll="","--NA--",roll) )} -> CSBS | H20: {=IF( MOD(ROW()-2,6)=0, INDEX('Form Responses'!I:I,INT((ROW()-2)/6)+2), "-- NA --" )} -> 8270404017 | I20: {=IF( MOD(ROW()-2,6)=0, INDEX('Form Responses'!J:J,INT((ROW()-2)/6)+2), "-- NA --" )} -> vasanthraj.sm2024csbs@sece.ac.in | J20: {=INDEX('Form Responses'!$D:$D,INT((ROW()-2)/6)+2)} -> Software
A21: 20 | C21: Member 2 | D21: {=LET( roll, CHOOSE( MOD(ROW()-2,6)+1, INDEX('Form Responses'!E:E,INT((ROW()-2)/6)+2), INDEX('Form Responses'!K:K,INT((ROW()-2)/6)+2), INDEX('Form Responses'!O:O,INT((ROW()-2)/6)+2), INDEX('Form Responses'!S:S,INT((ROW()-2)/6)+2), INDEX('Form Responses'!W:W,INT((ROW()-2)/6)+2), INDEX('Form Responses'!AA:AA,INT((ROW()-2)/6)+2) ), IF(roll="","--NA--",roll) )} -> 24CB028 | E21: {=LET( roll, CHOOSE( MOD(ROW()-2,6)+1, INDEX('Form Responses'!F:F,INT((ROW()-2)/6)+2), INDEX('Form Responses'!L:L,INT((ROW()-2)/6)+2), INDEX('Form Responses'!P:P,INT((ROW()-2)/6)+2), INDEX('Form Responses'!T:T,INT((ROW()-2)/6)+2), INDEX('Form Responses'!X:X,INT((ROW()-2)/6)+2), INDEX('Form Responses'!AB:AB,INT((ROW()-2)/6)+2) ), IF(roll="","--NA--",roll) )} -> Nitin K | F21: {=LET( roll, CHOOSE( MOD(ROW()-2,6)+1, INDEX('Form Responses'!G:G,INT((ROW()-2)/6)+2), INDEX('Form Responses'!M:M,INT((ROW()-2)/6)+2), INDEX('Form Responses'!Q:Q,INT((ROW()-2)/6)+2), INDEX('Form Responses'!U:U,INT((ROW()-2)/6)+2), INDEX('Form Responses'!Y:Y,INT((ROW()-2)/6)+2), INDEX('Form Responses'!AC:AC,INT((ROW()-2)/6)+2) ), IF(roll="","--NA--",roll) )} -> III | G21: {=LET( roll, CHOOSE( MOD(ROW()-2,6)+1, INDEX('Form Responses'!H:H,INT((ROW()-2)/6)+2), INDEX('Form Responses'!N:N,INT((ROW()-2)/6)+2), INDEX('Form Responses'!R:R,INT((ROW()-2)/6)+2), INDEX('Form Responses'!V:V,INT((ROW()-2)/6)+2), INDEX('Form Responses'!Z:Z,INT((ROW()-2)/6)+2), INDEX('Form Responses'!AD:AD,INT((ROW()-2)/6)+2) ), IF(roll="","--NA--",roll) )} -> CSBS | H21: {=IF( MOD(ROW()-2,6)=0, INDEX('Form Responses'!I:I,INT((ROW()-2)/6)+2), "-- NA --" )} -> -- NA -- | I21: {=IF( MOD(ROW()-2,6)=0, INDEX('Form Responses'!J:J,INT((ROW()-2)/6)+2), "-- NA --" )} -> -- NA --
A22: 21 | C22: Member 3 | D22: {=LET( roll, CHOOSE( MOD(ROW()-2,6)+1, INDEX('Form Responses'!E:E,INT((ROW()-2)/6)+2), INDEX('Form Responses'!K:K,INT((ROW()-2)/6)+2), INDEX('Form Responses'!O:O,INT((ROW()-2)/6)+2), INDEX('Form Responses'!S:S,INT((ROW()-2)/6)+2), INDEX('Form Responses'!W:W,INT((ROW()-2)/6)+2), INDEX('Form Responses'!AA:AA,INT((ROW()-2)/6)+2) ), IF(roll="","--NA--",roll) )} -> 24CB053 | E22: {=LET( roll, CHOOSE( MOD(ROW()-2,6)+1, INDEX('Form Responses'!F:F,INT((ROW()-2)/6)+2), INDEX('Form Responses'!L:L,INT((ROW()-2)/6)+2), INDEX('Form Responses'!P:P,INT((ROW()-2)/6)+2), INDEX('Form Responses'!T:T,INT((ROW()-2)/6)+2), INDEX('Form Responses'!X:X,INT((ROW()-2)/6)+2), INDEX('Form Responses'!AB:AB,INT((ROW()-2)/6)+2) ), IF(roll="","--NA--",roll) )} -> SriSuthan V P R | F22: {=LET( roll, CHOOSE( MOD(ROW()-2,6)+1, INDEX('Form Responses'!G:G,INT((ROW()-2)/6)+2), INDEX('Form Responses'!M:M,INT((ROW()-2)/6)+2), INDEX('Form Responses'!Q:Q,INT((ROW()-2)/6)+2), INDEX('Form Responses'!U:U,INT((ROW()-2)/6)+2), INDEX('Form Responses'!Y:Y,INT((ROW()-2)/6)+2), INDEX('Form Responses'!AC:AC,INT((ROW()-2)/6)+2) ), IF(roll="","--NA--",roll) )} -> III | G22: {=LET( roll, CHOOSE( MOD(ROW()-2,6)+1, INDEX('Form Responses'!H:H,INT((ROW()-2)/6)+2), INDEX('Form Responses'!N:N,INT((ROW()-2)/6)+2), INDEX('Form Responses'!R:R,INT((ROW()-2)/6)+2), INDEX('Form Responses'!V:V,INT((ROW()-2)/6)+2), INDEX('Form Responses'!Z:Z,INT((ROW()-2)/6)+2), INDEX('Form Responses'!AD:AD,INT((ROW()-2)/6)+2) ), IF(roll="","--NA--",roll) )} -> CSBS | H22: {=IF( MOD(ROW()-2,6)=0, INDEX('Form Responses'!I:I,INT((ROW()-2)/6)+2), "-- NA --" )} -> -- NA -- | I22: {=IF( MOD(ROW()-2,6)=0, INDEX('Form Responses'!J:J,INT((ROW()-2)/6)+2), "-- NA --" )} -> -- NA --
A23: 22 | C23: Member 4 | D23: {=LET( roll, CHOOSE( MOD(ROW()-2,6)+1, INDEX('Form Responses'!E:E,INT((ROW()-2)/6)+2), INDEX('Form Responses'!K:K,INT((ROW()-2)/6)+2), INDEX('Form Responses'!O:O,INT((ROW()-2)/6)+2), INDEX('Form Responses'!S:S,INT((ROW()-2)/6)+2), INDEX('Form Responses'!W:W,INT((ROW()-2)/6)+2), INDEX('Form Responses'!AA:AA,INT((ROW()-2)/6)+2) ), IF(roll="","--NA--",roll) )} -> 24CB016 | E23: {=LET( roll, CHOOSE( MOD(ROW()-2,6)+1, INDEX('Form Responses'!F:F,INT((ROW()-2)/6)+2), INDEX('Form Responses'!L:L,INT((ROW()-2)/6)+2), INDEX('Form Responses'!P:P,INT((ROW()-2)/6)+2), INDEX('Form Responses'!T:T,INT((ROW()-2)/6)+2), INDEX('Form Responses'!X:X,INT((ROW()-2)/6)+2), INDEX('Form Responses'!AB:AB,INT((ROW()-2)/6)+2) ), IF(roll="","--NA--",roll) )} -> Ilakiya K | F23: {=LET( roll, CHOOSE( MOD(ROW()-2,6)+1, INDEX('Form Responses'!G:G,INT((ROW()-2)/6)+2), INDEX('Form Responses'!M:M,INT((ROW()-2)/6)+2), INDEX('Form Responses'!Q:Q,INT((ROW()-2)/6)+2), INDEX('Form Responses'!U:U,INT((ROW()-2)/6)+2), INDEX('Form Responses'!Y:Y,INT((ROW()-2)/6)+2), INDEX('Form Responses'!AC:AC,INT((ROW()-2)/6)+2) ), IF(roll="","--NA--",roll) )} -> III | G23: {=LET( roll, CHOOSE( MOD(ROW()-2,6)+1, INDEX('Form Responses'!H:H,INT((ROW()-2)/6)+2), INDEX('Form Responses'!N:N,INT((ROW()-2)/6)+2), INDEX('Form Responses'!R:R,INT((ROW()-2)/6)+2), INDEX('Form Responses'!V:V,INT((ROW()-2)/6)+2), INDEX('Form Responses'!Z:Z,INT((ROW()-2)/6)+2), INDEX('Form Responses'!AD:AD,INT((ROW()-2)/6)+2) ), IF(roll="","--NA--",roll) )} -> CSBS | H23: {=IF( MOD(ROW()-2,6)=0, INDEX('Form Responses'!I:I,INT((ROW()-2)/6)+2), "-- NA --" )} -> -- NA -- | I23: {=IF( MOD(ROW()-2,6)=0, INDEX('Form Responses'!J:J,INT((ROW()-2)/6)+2), "-- NA --" )} -> -- NA --
A24: 23 | C24: Member 5 | D24: {=LET( roll, CHOOSE( MOD(ROW()-2,6)+1, INDEX('Form Responses'!E:E,INT((ROW()-2)/6)+2), INDEX('Form Responses'!K:K,INT((ROW()-2)/6)+2), INDEX('Form Responses'!O:O,INT((ROW()-2)/6)+2), INDEX('Form Responses'!S:S,INT((ROW()-2)/6)+2), INDEX('Form Responses'!W:W,INT((ROW()-2)/6)+2), INDEX('Form Responses'!AA:AA,INT((ROW()-2)/6)+2) ), IF(roll="","--NA--",roll) )} -> 24CB041 | E24: {=LET( roll, CHOOSE( MOD(ROW()-2,6)+1, INDEX('Form Responses'!F:F,INT((ROW()-2)/6)+2), INDEX('Form Responses'!L:L,INT((ROW()-2)/6)+2), INDEX('Form Responses'!P:P,INT((ROW()-2)/6)+2), INDEX('Form Responses'!T:T,INT((ROW()-2)/6)+2), INDEX('Form Responses'!X:X,INT((ROW()-2)/6)+2), INDEX('Form Responses'!AB:AB,INT((ROW()-2)/6)+2) ), IF(roll="","--NA--",roll) )} -> Sandhya S | F24: {=LET( roll, CHOOSE( MOD(ROW()-2,6)+1, INDEX('Form Responses'!G:G,INT((ROW()-2)/6)+2), INDEX('Form Responses'!M:M,INT((ROW()-2)/6)+2), INDEX('Form Responses'!Q:Q,INT((ROW()-2)/6)+2), INDEX('Form Responses'!U:U,INT((ROW()-2)/6)+2), INDEX('Form Responses'!Y:Y,INT((ROW()-2)/6)+2), INDEX('Form Responses'!AC:AC,INT((ROW()-2)/6)+2) ), IF(roll="","--NA--",roll) )} -> III | G24: {=LET( roll, CHOOSE( MOD(ROW()-2,6)+1, INDEX('Form Responses'!H:H,INT((ROW()-2)/6)+2), INDEX('Form Responses'!N:N,INT((ROW()-2)/6)+2), INDEX('Form Responses'!R:R,INT((ROW()-2)/6)+2), INDEX('Form Responses'!V:V,INT((ROW()-2)/6)+2), INDEX('Form Responses'!Z:Z,INT((ROW()-2)/6)+2), INDEX('Form Responses'!AD:AD,INT((ROW()-2)/6)+2) ), IF(roll="","--NA--",roll) )} -> CSBS | H24: {=IF( MOD(ROW()-2,6)=0, INDEX('Form Responses'!I:I,INT((ROW()-2)/6)+2), "-- NA --" )} -> -- NA -- | I24: {=IF( MOD(ROW()-2,6)=0, INDEX('Form Responses'!J:J,INT((ROW()-2)/6)+2), "-- NA --" )} -> -- NA --
A25: 24 | C25: Member 6 | D25: {=LET( roll, CHOOSE( MOD(ROW()-2,6)+1, INDEX('Form Responses'!E:E,INT((ROW()-2)/6)+2), INDEX('Form Responses'!K:K,INT((ROW()-2)/6)+2), INDEX('Form Responses'!O:O,INT((ROW()-2)/6)+2), INDEX('Form Responses'!S:S,INT((ROW()-2)/6)+2), INDEX('Form Responses'!W:W,INT((ROW()-2)/6)+2), INDEX('Form Responses'!AA:AA,INT((ROW()-2)/6)+2) ), IF(roll="","--NA--",roll) )} -> 24AD225 | E25: {=LET( roll, CHOOSE( MOD(ROW()-2,6)+1, INDEX('Form Responses'!F:F,INT((ROW()-2)/6)+2), INDEX('Form Responses'!L:L,INT((ROW()-2)/6)+2), INDEX('Form Responses'!P:P,INT((ROW()-2)/6)+2), INDEX('Form Responses'!T:T,INT((ROW()-2)/6)+2), INDEX('Form Responses'!X:X,INT((ROW()-2)/6)+2), INDEX('Form Responses'!AB:AB,INT((ROW()-2)/6)+2) ), IF(roll="","--NA--",roll) )} -> Sujitha P | F25: {=LET( roll, CHOOSE( MOD(ROW()-2,6)+1, INDEX('Form Responses'!G:G,INT((ROW()-2)/6)+2), INDEX('Form Responses'!M:M,INT((ROW()-2)/6)+2), INDEX('Form Responses'!Q:Q,INT((ROW()-2)/6)+2), INDEX('Form Responses'!U:U,INT((ROW()-2)/6)+2), INDEX('Form Responses'!Y:Y,INT((ROW()-2)/6)+2), INDEX('Form Responses'!AC:AC,INT((ROW()-2)/6)+2) ), IF(roll="","--NA--",roll) )} -> III | G25: {=LET( roll, CHOOSE( MOD(ROW()-2,6)+1, INDEX('Form Responses'!H:H,INT((ROW()-2)/6)+2), INDEX('Form Responses'!N:N,INT((ROW()-2)/6)+2), INDEX('Form Responses'!R:R,INT((ROW()-2)/6)+2), INDEX('Form Responses'!V:V,INT((ROW()-2)/6)+2), INDEX('Form Responses'!Z:Z,INT((ROW()-2)/6)+2), INDEX('Form Responses'!AD:AD,INT((ROW()-2)/6)+2) ), IF(roll="","--NA--",roll) )} -> AI & DS | H25: {=IF( MOD(ROW()-2,6)=0, INDEX('Form Responses'!I:I,INT((ROW()-2)/6)+2), "-- NA --" )} -> -- NA -- | I25: {=IF( MOD(ROW()-2,6)=0, INDEX('Form Responses'!J:J,INT((ROW()-2)/6)+2), "-- NA --" )} -> -- NA --
A26: 25 | B26: {=INDEX('Form Responses'!$C:$C,INT((ROW()-2)/6)+2)} -> PHEONIX CREW | C26: Team Leader | D26: {=LET( roll, CHOOSE( MOD(ROW()-2,6)+1, INDEX('Form Responses'!E:E,INT((ROW()-2)/6)+2), INDEX('Form Responses'!K:K,INT((ROW()-2)/6)+2), INDEX('Form Responses'!O:O,INT((ROW()-2)/6)+2), INDEX('Form Responses'!S:S,INT((ROW()-2)/6)+2), INDEX('Form Responses'!W:W,INT((ROW()-2)/6)+2), INDEX('Form Responses'!AA:AA,INT((ROW()-2)/6)+2) ), IF(roll="","--NA--",roll) )} -> 25CC060 | E26: {=LET( roll, CHOOSE( MOD(ROW()-2,6)+1, INDEX('Form Responses'!F:F,INT((ROW()-2)/6)+2), INDEX('Form Responses'!L:L,INT((ROW()-2)/6)+2), INDEX('Form Responses'!P:P,INT((ROW()-2)/6)+2), INDEX('Form Responses'!T:T,INT((ROW()-2)/6)+2), INDEX('Form Responses'!X:X,INT((ROW()-2)/6)+2), INDEX('Form Responses'!AB:AB,INT((ROW()-2)/6)+2) ), IF(roll="","--NA--",roll) )} -> THIVYA SRIEE S M | F26: {=LET( roll, CHOOSE( MOD(ROW()-2,6)+1, INDEX('Form Responses'!G:G,INT((ROW()-2)/6)+2), INDEX('Form Responses'!M:M,INT((ROW()-2)/6)+2), INDEX('Form Responses'!Q:Q,INT((ROW()-2)/6)+2), INDEX('Form Responses'!U:U,INT((ROW()-2)/6)+2), INDEX('Form Responses'!Y:Y,INT((ROW()-2)/6)+2), INDEX('Form Responses'!AC:AC,INT((ROW()-2)/6)+2) ), IF(roll="","--NA--",roll) )} -> II | G26: {=LET( roll, CHOOSE( MOD(ROW()-2,6)+1, INDEX('Form Responses'!H:H,INT((ROW()-2)/6)+2), INDEX('Form Responses'!N:N,INT((ROW()-2)/6)+2), INDEX('Form Responses'!R:R,INT((ROW()-2)/6)+2), INDEX('Form Responses'!V:V,INT((ROW()-2)/6)+2), INDEX('Form Responses'!Z:Z,INT((ROW()-2)/6)+2), INDEX('Form Responses'!AD:AD,INT((ROW()-2)/6)+2) ), IF(roll="","--NA--",roll) )} -> CCE | H26: {=IF( MOD(ROW()-2,6)=0, INDEX('Form Responses'!I:I,INT((ROW()-2)/6)+2), "-- NA --" )} -> 8072742100 | I26: {=IF( MOD(ROW()-2,6)=0, INDEX('Form Responses'!J:J,INT((ROW()-2)/6)+2), "-- NA --" )} -> thivyasriee.sm2025cce@sece.ac.in | J26: {=INDEX('Form Responses'!$D:$D,INT((ROW()-2)/6)+2)} -> Hardware
A27: 26 | C27: Member 2 | D27: {=LET( roll, CHOOSE( MOD(ROW()-2,6)+1, INDEX('Form Responses'!E:E,INT((ROW()-2)/6)+2), INDEX('Form Responses'!K:K,INT((ROW()-2)/6)+2), INDEX('Form Responses'!O:O,INT((ROW()-2)/6)+2), INDEX('Form Responses'!S:S,INT((ROW()-2)/6)+2), INDEX('Form Responses'!W:W,INT((ROW()-2)/6)+2), INDEX('Form Responses'!AA:AA,INT((ROW()-2)/6)+2) ), IF(roll="","--NA--",roll) )} -> 25EC152 | E27: {=LET( roll, CHOOSE( MOD(ROW()-2,6)+1, INDEX('Form Responses'!F:F,INT((ROW()-2)/6)+2), INDEX('Form Responses'!L:L,INT((ROW()-2)/6)+2), INDEX('Form Responses'!P:P,INT((ROW()-2)/6)+2), INDEX('Form Responses'!T:T,INT((ROW()-2)/6)+2), INDEX('Form Responses'!X:X,INT((ROW()-2)/6)+2), INDEX('Form Responses'!AB:AB,INT((ROW()-2)/6)+2) ), IF(roll="","--NA--",roll) )} -> SHREE AKILA R | F27: {=LET( roll, CHOOSE( MOD(ROW()-2,6)+1, INDEX('Form Responses'!G:G,INT((ROW()-2)/6)+2), INDEX('Form Responses'!M:M,INT((ROW()-2)/6)+2), INDEX('Form Responses'!Q:Q,INT((ROW()-2)/6)+2), INDEX('Form Responses'!U:U,INT((ROW()-2)/6)+2), INDEX('Form Responses'!Y:Y,INT((ROW()-2)/6)+2), INDEX('Form Responses'!AC:AC,INT((ROW()-2)/6)+2) ), IF(roll="","--NA--",roll) )} -> II | G27: {=LET( roll, CHOOSE( MOD(ROW()-2,6)+1, INDEX('Form Responses'!H:H,INT((ROW()-2)/6)+2), INDEX('Form Responses'!N:N,INT((ROW()-2)/6)+2), INDEX('Form Responses'!R:R,INT((ROW()-2)/6)+2), INDEX('Form Responses'!V:V,INT((ROW()-2)/6)+2), INDEX('Form Responses'!Z:Z,INT((ROW()-2)/6)+2), INDEX('Form Responses'!AD:AD,INT((ROW()-2)/6)+2) ), IF(roll="","--NA--",roll) )} -> ECE | H27: {=IF( MOD(ROW()-2,6)=0, INDEX('Form Responses'!I:I,INT((ROW()-2)/6)+2), "-- NA --" )} -> -- NA -- | I27: {=IF( MOD(ROW()-2,6)=0, INDEX('Form Responses'!J:J,INT((ROW()-2)/6)+2), "-- NA --" )} -> -- NA --
A28: 27 | C28: Member 3 | D28: {=LET( roll, CHOOSE( MOD(ROW()-2,6)+1, INDEX('Form Responses'!E:E,INT((ROW()-2)/6)+2), INDEX('Form Responses'!K:K,INT((ROW()-2)/6)+2), INDEX('Form Responses'!O:O,INT((ROW()-2)/6)+2), INDEX('Form Responses'!S:S,INT((ROW()-2)/6)+2), INDEX('Form Responses'!W:W,INT((ROW()-2)/6)+2), INDEX('Form Responses'!AA:AA,INT((ROW()-2)/6)+2) ), IF(roll="","--NA--",roll) )} -> 25EC161 | E28: {=LET( roll, CHOOSE( MOD(ROW()-2,6)+1, INDEX('Form Responses'!F:F,INT((ROW()-2)/6)+2), INDEX('Form Responses'!L:L,INT((ROW()-2)/6)+2), INDEX('Form Responses'!P:P,INT((ROW()-2)/6)+2), INDEX('Form Responses'!T:T,INT((ROW()-2)/6)+2), INDEX('Form Responses'!X:X,INT((ROW()-2)/6)+2), INDEX('Form Responses'!AB:AB,INT((ROW()-2)/6)+2) ), IF(roll="","--NA--",roll) )} -> SRINITHI M | F28: {=LET( roll, CHOOSE( MOD(ROW()-2,6)+1, INDEX('Form Responses'!G:G,INT((ROW()-2)/6)+2), INDEX('Form Responses'!M:M,INT((ROW()-2)/6)+2), INDEX('Form Responses'!Q:Q,INT((ROW()-2)/6)+2), INDEX('Form Responses'!U:U,INT((ROW()-2)/6)+2), INDEX('Form Responses'!Y:Y,INT((ROW()-2)/6)+2), INDEX('Form Responses'!AC:AC,INT((ROW()-2)/6)+2) ), IF(roll="","--NA--",roll) )} -> II | G28: {=LET( roll, CHOOSE( MOD(ROW()-2,6)+1, INDEX('Form Responses'!H:H,INT((ROW()-2)/6)+2), INDEX('Form Responses'!N:N,INT((ROW()-2)/6)+2), INDEX('Form Responses'!R:R,INT((ROW()-2)/6)+2), INDEX('Form Responses'!V:V,INT((ROW()-2)/6)+2), INDEX('Form Responses'!Z:Z,INT((ROW()-2)/6)+2), INDEX('Form Responses'!AD:AD,INT((ROW()-2)/6)+2) ), IF(roll="","--NA--",roll) )} -> ECE | H28: {=IF( MOD(ROW()-2,6)=0, INDEX('Form Responses'!I:I,INT((ROW()-2)/6)+2), "-- NA --" )} -> -- NA -- | I28: {=IF( MOD(ROW()-2,6)=0, INDEX('Form Responses'!J:J,INT((ROW()-2)/6)+2), "-- NA --" )} -> -- NA --
A29: 28 | C29: Member 4 | D29: {=LET( roll, CHOOSE( MOD(ROW()-2,6)+1, INDEX('Form Responses'!E:E,INT((ROW()-2)/6)+2), INDEX('Form Responses'!K:K,INT((ROW()-2)/6)+2), INDEX('Form Responses'!O:O,INT((ROW()-2)/6)+2), INDEX('Form Responses'!S:S,INT((ROW()-2)/6)+2), INDEX('Form Responses'!W:W,INT((ROW()-2)/6)+2), INDEX('Form Responses'!AA:AA,INT((ROW()-2)/6)+2) ), IF(roll="","--NA--",roll) )} -> 25EC184 | E29: {=LET( roll, CHOOSE( MOD(ROW()-2,6)+1, INDEX('Form Responses'!F:F,INT((ROW()-2)/6)+2), INDEX('Form Responses'!L:L,INT((ROW()-2)/6)+2), INDEX('Form Responses'!P:P,INT((ROW()-2)/6)+2), INDEX('Form Responses'!T:T,INT((ROW()-2)/6)+2), INDEX('Form Responses'!X:X,INT((ROW()-2)/6)+2), INDEX('Form Responses'!AB:AB,INT((ROW()-2)/6)+2) ), IF(roll="","--NA--",roll) )} -> VISHWA HARI M | F29: {=LET( roll, CHOOSE( MOD(ROW()-2,6)+1, INDEX('Form Responses'!G:G,INT((ROW()-2)/6)+2), INDEX('Form Responses'!M:M,INT((ROW()-2)/6)+2), INDEX('Form Responses'!Q:Q,INT((ROW()-2)/6)+2), INDEX('Form Responses'!U:U,INT((ROW()-2)/6)+2), INDEX('Form Responses'!Y:Y,INT((ROW()-2)/6)+2), INDEX('Form Responses'!AC:AC,INT((ROW()-2)/6)+2) ), IF(roll="","--NA--",roll) )} -> II | G29: {=LET( roll, CHOOSE( MOD(ROW()-2,6)+1, INDEX('Form Responses'!H:H,INT((ROW()-2)/6)+2), INDEX('Form Responses'!N:N,INT((ROW()-2)/6)+2), INDEX('Form Responses'!R:R,INT((ROW()-2)/6)+2), INDEX('Form Responses'!V:V,INT((ROW()-2)/6)+2), INDEX('Form Responses'!Z:Z,INT((ROW()-2)/6)+2), INDEX('Form Responses'!AD:AD,INT((ROW()-2)/6)+2) ), IF(roll="","--NA--",roll) )} -> ECE | H29: {=IF( MOD(ROW()-2,6)=0, INDEX('Form Responses'!I:I,INT((ROW()-2)/6)+2), "-- NA --" )} -> -- NA -- | I29: {=IF( MOD(ROW()-2,6)=0, INDEX('Form Responses'!J:J,INT((ROW()-2)/6)+2), "-- NA --" )} -> -- NA --
A30: 29 | C30: Member 5 | D30: {=LET( roll, CHOOSE( MOD(ROW()-2,6)+1, INDEX('Form Responses'!E:E,INT((ROW()-2)/6)+2), INDEX('Form Responses'!K:K,INT((ROW()-2)/6)+2), INDEX('Form Responses'!O:O,INT((ROW()-2)/6)+2), INDEX('Form Responses'!S:S,INT((ROW()-2)/6)+2), INDEX('Form Responses'!W:W,INT((ROW()-2)/6)+2), INDEX('Form Responses'!AA:AA,INT((ROW()-2)/6)+2) ), IF(roll="","--NA--",roll) )} -> 25ME012 | E30: {=LET( roll, CHOOSE( MOD(ROW()-2,6)+1, INDEX('Form Responses'!F:F,INT((ROW()-2)/6)+2), INDEX('Form Responses'!L:L,INT((ROW()-2)/6)+2), INDEX('Form Responses'!P:P,INT((ROW()-2)/6)+2), INDEX('Form Responses'!T:T,INT((ROW()-2)/6)+2), INDEX('Form Responses'!X:X,INT((ROW()-2)/6)+2), INDEX('Form Responses'!AB:AB,INT((ROW()-2)/6)+2) ), IF(roll="","--NA--",roll) )} -> JEEVANIGA S B | F30: {=LET( roll, CHOOSE( MOD(ROW()-2,6)+1, INDEX('Form Responses'!G:G,INT((ROW()-2)/6)+2), INDEX('Form Responses'!M:M,INT((ROW()-2)/6)+2), INDEX('Form Responses'!Q:Q,INT((ROW()-2)/6)+2), INDEX('Form Responses'!U:U,INT((ROW()-2)/6)+2), INDEX('Form Responses'!Y:Y,INT((ROW()-2)/6)+2), INDEX('Form Responses'!AC:AC,INT((ROW()-2)/6)+2) ), IF(roll="","--NA--",roll) )} -> II | G30: {=LET( roll, CHOOSE( MOD(ROW()-2,6)+1, INDEX('Form Responses'!H:H,INT((ROW()-2)/6)+2), INDEX('Form Responses'!N:N,INT((ROW()-2)/6)+2), INDEX('Form Responses'!R:R,INT((ROW()-2)/6)+2), INDEX('Form Responses'!V:V,INT((ROW()-2)/6)+2), INDEX('Form Responses'!Z:Z,INT((ROW()-2)/6)+2), INDEX('Form Responses'!AD:AD,INT((ROW()-2)/6)+2) ), IF(roll="","--NA--",roll) )} -> MECH | H30: {=IF( MOD(ROW()-2,6)=0, INDEX('Form Responses'!I:I,INT((ROW()-2)/6)+2), "-- NA --" )} -> -- NA -- | I30: {=IF( MOD(ROW()-2,6)=0, INDEX('Form Responses'!J:J,INT((ROW()-2)/6)+2), "-- NA --" )} -> -- NA --
A31: 30 | C31: Member 6 | D31: {=LET( roll, CHOOSE( MOD(ROW()-2,6)+1, INDEX('Form Responses'!E:E,INT((ROW()-2)/6)+2), INDEX('Form Responses'!K:K,INT((ROW()-2)/6)+2), INDEX('Form Responses'!O:O,INT((ROW()-2)/6)+2), INDEX('Form Responses'!S:S,INT((ROW()-2)/6)+2), INDEX('Form Responses'!W:W,INT((ROW()-2)/6)+2), INDEX('Form Responses'!AA:AA,INT((ROW()-2)/6)+2) ), IF(roll="","--NA--",roll) )} -> 25CS201 | E31: {=LET( roll, CHOOSE( MOD(ROW()-2,6)+1, INDEX('Form Responses'!F:F,INT((ROW()-2)/6)+2), INDEX('Form Responses'!L:L,INT((ROW()-2)/6)+2), INDEX('Form Responses'!P:P,INT((ROW()-2)/6)+2), INDEX('Form Responses'!T:T,INT((ROW()-2)/6)+2), INDEX('Form Responses'!X:X,INT((ROW()-2)/6)+2), INDEX('Form Responses'!AB:AB,INT((ROW()-2)/6)+2) ), IF(roll="","--NA--",roll) )} -> SANTHISH N | F31: {=LET( roll, CHOOSE( MOD(ROW()-2,6)+1, INDEX('Form Responses'!G:G,INT((ROW()-2)/6)+2), INDEX('Form Responses'!M:M,INT((ROW()-2)/6)+2), INDEX('Form Responses'!Q:Q,INT((ROW()-2)/6)+2), INDEX('Form Responses'!U:U,INT((ROW()-2)/6)+2), INDEX('Form Responses'!Y:Y,INT((ROW()-2)/6)+2), INDEX('Form Responses'!AC:AC,INT((ROW()-2)/6)+2) ), IF(roll="","--NA--",roll) )} -> II | G31: {=LET( roll, CHOOSE( MOD(ROW()-2,6)+1, INDEX('Form Responses'!H:H,INT((ROW()-2)/6)+2), INDEX('Form Responses'!N:N,INT((ROW()-2)/6)+2), INDEX('Form Responses'!R:R,INT((ROW()-2)/6)+2), INDEX('Form Responses'!V:V,INT((ROW()-2)/6)+2), INDEX('Form Responses'!Z:Z,INT((ROW()-2)/6)+2), INDEX('Form Responses'!AD:AD,INT((ROW()-2)/6)+2) ), IF(roll="","--NA--",roll) )} -> CSE | H31: {=IF( MOD(ROW()-2,6)=0, INDEX('Form Responses'!I:I,INT((ROW()-2)/6)+2), "-- NA --" )} -> -- NA -- | I31: {=IF( MOD(ROW()-2,6)=0, INDEX('Form Responses'!J:J,INT((ROW()-2)/6)+2), "-- NA --" )} -> -- NA --
A32: 31 | B32: {=INDEX('Form Responses'!$C:$C,INT((ROW()-2)/6)+2)} -> Team RBC | C32: Team Leader | D32: {=LET( roll, CHOOSE( MOD(ROW()-2,6)+1, INDEX('Form Responses'!E:E,INT((ROW()-2)/6)+2), INDEX('Form Responses'!K:K,INT((ROW()-2)/6)+2), INDEX('Form Responses'!O:O,INT((ROW()-2)/6)+2), INDEX('Form Responses'!S:S,INT((ROW()-2)/6)+2), INDEX('Form Responses'!W:W,INT((ROW()-2)/6)+2), INDEX('Form Responses'!AA:AA,INT((ROW()-2)/6)+2) ), IF(roll="","--NA--",roll) )} -> 24CS218 | E32: {=LET( roll, CHOOSE( MOD(ROW()-2,6)+1, INDEX('Form Responses'!F:F,INT((ROW()-2)/6)+2), INDEX('Form Responses'!L:L,INT((ROW()-2)/6)+2), INDEX('Form Responses'!P:P,INT((ROW()-2)/6)+2), INDEX('Form Responses'!T:T,INT((ROW()-2)/6)+2), INDEX('Form Responses'!X:X,INT((ROW()-2)/6)+2), INDEX('Form Responses'!AB:AB,INT((ROW()-2)/6)+2) ), IF(roll="","--NA--",roll) )} -> SAUMYAJIT PURAKAYASTHA | F32: {=LET( roll, CHOOSE( MOD(ROW()-2,6)+1, INDEX('Form Responses'!G:G,INT((ROW()-2)/6)+2), INDEX('Form Responses'!M:M,INT((ROW()-2)/6)+2), INDEX('Form Responses'!Q:Q,INT((ROW()-2)/6)+2), INDEX('Form Responses'!U:U,INT((ROW()-2)/6)+2), INDEX('Form Responses'!Y:Y,INT((ROW()-2)/6)+2), INDEX('Form Responses'!AC:AC,INT((ROW()-2)/6)+2) ), IF(roll="","--NA--",roll) )} -> III | G32: {=LET( roll, CHOOSE( MOD(ROW()-2,6)+1, INDEX('Form Responses'!H:H,INT((ROW()-2)/6)+2), INDEX('Form Responses'!N:N,INT((ROW()-2)/6)+2), INDEX('Form Responses'!R:R,INT((ROW()-2)/6)+2), INDEX('Form Responses'!V:V,INT((ROW()-2)/6)+2), INDEX('Form Responses'!Z:Z,INT((ROW()-2)/6)+2), INDEX('Form Responses'!AD:AD,INT((ROW()-2)/6)+2) ), IF(roll="","--NA--",roll) )} -> CSE | H32: {=IF( MOD(ROW()-2,6)=0, INDEX('Form Responses'!I:I,INT((ROW()-2)/6)+2), "-- NA --" )} -> 9159156405 | I32: {=IF( MOD(ROW()-2,6)=0, INDEX('Form Responses'!J:J,INT((ROW()-2)/6)+2), "-- NA --" )} -> saumyajitpurakayastha.2024cse@sece.ac.in | J32: {=INDEX('Form Responses'!$D:$D,INT((ROW()-2)/6)+2)} -> Software
A33: 32 | C33: Member 2 | D33: {=LET( roll, CHOOSE( MOD(ROW()-2,6)+1, INDEX('Form Responses'!E:E,INT((ROW()-2)/6)+2), INDEX('Form Responses'!K:K,INT((ROW()-2)/6)+2), INDEX('Form Responses'!O:O,INT((ROW()-2)/6)+2), INDEX('Form Responses'!S:S,INT((ROW()-2)/6)+2), INDEX('Form Responses'!W:W,INT((ROW()-2)/6)+2), INDEX('Form Responses'!AA:AA,INT((ROW()-2)/6)+2) ), IF(roll="","--NA--",roll) )} -> 24CS223 | E33: {=LET( roll, CHOOSE( MOD(ROW()-2,6)+1, INDEX('Form Responses'!F:F,INT((ROW()-2)/6)+2), INDEX('Form Responses'!L:L,INT((ROW()-2)/6)+2), INDEX('Form Responses'!P:P,INT((ROW()-2)/6)+2), INDEX('Form Responses'!T:T,INT((ROW()-2)/6)+2), INDEX('Form Responses'!X:X,INT((ROW()-2)/6)+2), INDEX('Form Responses'!AB:AB,INT((ROW()-2)/6)+2) ), IF(roll="","--NA--",roll) )} -> SHANKAR L | F33: {=LET( roll, CHOOSE( MOD(ROW()-2,6)+1, INDEX('Form Responses'!G:G,INT((ROW()-2)/6)+2), INDEX('Form Responses'!M:M,INT((ROW()-2)/6)+2), INDEX('Form Responses'!Q:Q,INT((ROW()-2)/6)+2), INDEX('Form Responses'!U:U,INT((ROW()-2)/6)+2), INDEX('Form Responses'!Y:Y,INT((ROW()-2)/6)+2), INDEX('Form Responses'!AC:AC,INT((ROW()-2)/6)+2) ), IF(roll="","--NA--",roll) )} -> III | G33: {=LET( roll, CHOOSE( MOD(ROW()-2,6)+1, INDEX('Form Responses'!H:H,INT((ROW()-2)/6)+2), INDEX('Form Responses'!N:N,INT((ROW()-2)/6)+2), INDEX('Form Responses'!R:R,INT((ROW()-2)/6)+2), INDEX('Form Responses'!V:V,INT((ROW()-2)/6)+2), INDEX('Form Responses'!Z:Z,INT((ROW()-2)/6)+2), INDEX('Form Responses'!AD:AD,INT((ROW()-2)/6)+2) ), IF(roll="","--NA--",roll) )} -> CSE | H33: {=IF( MOD(ROW()-2,6)=0, INDEX('Form Responses'!I:I,INT((ROW()-2)/6)+2), "-- NA --" )} -> -- NA -- | I33: {=IF( MOD(ROW()-2,6)=0, INDEX('Form Responses'!J:J,INT((ROW()-2)/6)+2), "-- NA --" )} -> -- NA --
A34: 33 | C34: Member 3 | D34: {=LET( roll, CHOOSE( MOD(ROW()-2,6)+1, INDEX('Form Responses'!E:E,INT((ROW()-2)/6)+2), INDEX('Form Responses'!K:K,INT((ROW()-2)/6)+2), INDEX('Form Responses'!O:O,INT((ROW()-2)/6)+2), INDEX('Form Responses'!S:S,INT((ROW()-2)/6)+2), INDEX('Form Responses'!W:W,INT((ROW()-2)/6)+2), INDEX('Form Responses'!AA:AA,INT((ROW()-2)/6)+2) ), IF(roll="","--NA--",roll) )} -> 24CS270 | E34: {=LET( roll, CHOOSE( MOD(ROW()-2,6)+1, INDEX('Form Responses'!F:F,INT((ROW()-2)/6)+2), INDEX('Form Responses'!L:L,INT((ROW()-2)/6)+2), INDEX('Form Responses'!P:P,INT((ROW()-2)/6)+2), INDEX('Form Responses'!T:T,INT((ROW()-2)/6)+2), INDEX('Form Responses'!X:X,INT((ROW()-2)/6)+2), INDEX('Form Responses'!AB:AB,INT((ROW()-2)/6)+2) ), IF(roll="","--NA--",roll) )} -> YAAZHVENDHAN M | F34: {=LET( roll, CHOOSE( MOD(ROW()-2,6)+1, INDEX('Form Responses'!G:G,INT((ROW()-2)/6)+2), INDEX('Form Responses'!M:M,INT((ROW()-2)/6)+2), INDEX('Form Responses'!Q:Q,INT((ROW()-2)/6)+2), INDEX('Form Responses'!U:U,INT((ROW()-2)/6)+2), INDEX('Form Responses'!Y:Y,INT((ROW()-2)/6)+2), INDEX('Form Responses'!AC:AC,INT((ROW()-2)/6)+2) ), IF(roll="","--NA--",roll) )} -> III | G34: {=LET( roll, CHOOSE( MOD(ROW()-2,6)+1, INDEX('Form Responses'!H:H,INT((ROW()-2)/6)+2), INDEX('Form Responses'!N:N,INT((ROW()-2)/6)+2), INDEX('Form Responses'!R:R,INT((ROW()-2)/6)+2), INDEX('Form Responses'!V:V,INT((ROW()-2)/6)+2), INDEX('Form Responses'!Z:Z,INT((ROW()-2)/6)+2), INDEX('Form Responses'!AD:AD,INT((ROW()-2)/6)+2) ), IF(roll="","--NA--",roll) )} -> CSE | H34: {=IF( MOD(ROW()-2,6)=0, INDEX('Form Responses'!I:I,INT((ROW()-2)/6)+2), "-- NA --" )} -> -- NA -- | I34: {=IF( MOD(ROW()-2,6)=0, INDEX('Form Responses'!J:J,INT((ROW()-2)/6)+2), "-- NA --" )} -> -- NA --
A35: 34 | C35: Member 4 | D35: {=LET( roll, CHOOSE( MOD(ROW()-2,6)+1, INDEX('Form Responses'!E:E,INT((ROW()-2)/6)+2), INDEX('Form Responses'!K:K,INT((ROW()-2)/6)+2), INDEX('Form Responses'!O:O,INT((ROW()-2)/6)+2), INDEX('Form Responses'!S:S,INT((ROW()-2)/6)+2), INDEX('Form Responses'!W:W,INT((ROW()-2)/6)+2), INDEX('Form Responses'!AA:AA,INT((ROW()-2)/6)+2) ), IF(roll="","--NA--",roll) )} -> 25CS028 | E35: {=LET( roll, CHOOSE( MOD(ROW()-2,6)+1, INDEX('Form Responses'!F:F,INT((ROW()-2)/6)+2), INDEX('Form Responses'!L:L,INT((ROW()-2)/6)+2), INDEX('Form Responses'!P:P,INT((ROW()-2)/6)+2), INDEX('Form Responses'!T:T,INT((ROW()-2)/6)+2), INDEX('Form Responses'!X:X,INT((ROW()-2)/6)+2), INDEX('Form Responses'!AB:AB,INT((ROW()-2)/6)+2) ), IF(roll="","--NA--",roll) )} -> DEBADRUTI PURAKAYASTHA | F35: {=LET( roll, CHOOSE( MOD(ROW()-2,6)+1, INDEX('Form Responses'!G:G,INT((ROW()-2)/6)+2), INDEX('Form Responses'!M:M,INT((ROW()-2)/6)+2), INDEX('Form Responses'!Q:Q,INT((ROW()-2)/6)+2), INDEX('Form Responses'!U:U,INT((ROW()-2)/6)+2), INDEX('Form Responses'!Y:Y,INT((ROW()-2)/6)+2), INDEX('Form Responses'!AC:AC,INT((ROW()-2)/6)+2) ), IF(roll="","--NA--",roll) )} -> II | G35: {=LET( roll, CHOOSE( MOD(ROW()-2,6)+1, INDEX('Form Responses'!H:H,INT((ROW()-2)/6)+2), INDEX('Form Responses'!N:N,INT((ROW()-2)/6)+2), INDEX('Form Responses'!R:R,INT((ROW()-2)/6)+2), INDEX('Form Responses'!V:V,INT((ROW()-2)/6)+2), INDEX('Form Responses'!Z:Z,INT((ROW()-2)/6)+2), INDEX('Form Responses'!AD:AD,INT((ROW()-2)/6)+2) ), IF(roll="","--NA--",roll) )} -> CSE | H35: {=IF( MOD(ROW()-2,6)=0, INDEX('Form Responses'!I:I,INT((ROW()-2)/6)+2), "-- NA --" )} -> -- NA -- | I35: {=IF( MOD(ROW()-2,6)=0, INDEX('Form Responses'!J:J,INT((ROW()-2)/6)+2), "-- NA --" )} -> -- NA --
A36: 35 | C36: Member 5 | D36: {=LET( roll, CHOOSE( MOD(ROW()-2,6)+1, INDEX('Form Responses'!E:E,INT((ROW()-2)/6)+2), INDEX('Form Responses'!K:K,INT((ROW()-2)/6)+2), INDEX('Form Responses'!O:O,INT((ROW()-2)/6)+2), INDEX('Form Responses'!S:S,INT((ROW()-2)/6)+2), INDEX('Form Responses'!W:W,INT((ROW()-2)/6)+2), INDEX('Form Responses'!AA:AA,INT((ROW()-2)/6)+2) ), IF(roll="","--NA--",roll) )} -> 24AD224 | E36: {=LET( roll, CHOOSE( MOD(ROW()-2,6)+1, INDEX('Form Responses'!F:F,INT((ROW()-2)/6)+2), INDEX('Form Responses'!L:L,INT((ROW()-2)/6)+2), INDEX('Form Responses'!P:P,INT((ROW()-2)/6)+2), INDEX('Form Responses'!T:T,INT((ROW()-2)/6)+2), INDEX('Form Responses'!X:X,INT((ROW()-2)/6)+2), INDEX('Form Responses'!AB:AB,INT((ROW()-2)/6)+2) ), IF(roll="","--NA--",roll) )} -> Suji G | F36: {=LET( roll, CHOOSE( MOD(ROW()-2,6)+1, INDEX('Form Responses'!G:G,INT((ROW()-2)/6)+2), INDEX('Form Responses'!M:M,INT((ROW()-2)/6)+2), INDEX('Form Responses'!Q:Q,INT((ROW()-2)/6)+2), INDEX('Form Responses'!U:U,INT((ROW()-2)/6)+2), INDEX('Form Responses'!Y:Y,INT((ROW()-2)/6)+2), INDEX('Form Responses'!AC:AC,INT((ROW()-2)/6)+2) ), IF(roll="","--NA--",roll) )} -> II | G36: {=LET( roll, CHOOSE( MOD(ROW()-2,6)+1, INDEX('Form Responses'!H:H,INT((ROW()-2)/6)+2), INDEX('Form Responses'!N:N,INT((ROW()-2)/6)+2), INDEX('Form Responses'!R:R,INT((ROW()-2)/6)+2), INDEX('Form Responses'!V:V,INT((ROW()-2)/6)+2), INDEX('Form Responses'!Z:Z,INT((ROW()-2)/6)+2), INDEX('Form Responses'!AD:AD,INT((ROW()-2)/6)+2) ), IF(roll="","--NA--",roll) )} -> AI&DS | H36: {=IF( MOD(ROW()-2,6)=0, INDEX('Form Responses'!I:I,INT((ROW()-2)/6)+2), "-- NA --" )} -> -- NA -- | I36: {=IF( MOD(ROW()-2,6)=0, INDEX('Form Responses'!J:J,INT((ROW()-2)/6)+2), "-- NA --" )} -> -- NA --
A37: 36 | C37: Member 6 | D37: {=LET( roll, CHOOSE( MOD(ROW()-2,6)+1, INDEX('Form Responses'!E:E,INT((ROW()-2)/6)+2), INDEX('Form Responses'!K:K,INT((ROW()-2)/6)+2), INDEX('Form Responses'!O:O,INT((ROW()-2)/6)+2), INDEX('Form Responses'!S:S,INT((ROW()-2)/6)+2), INDEX('Form Responses'!W:W,INT((ROW()-2)/6)+2), INDEX('Form Responses'!AA:AA,INT((ROW()-2)/6)+2) ), IF(roll="","--NA--",roll) )} -> 25CB040 | E37: {=LET( roll, CHOOSE( MOD(ROW()-2,6)+1, INDEX('Form Responses'!F:F,INT((ROW()-2)/6)+2), INDEX('Form Responses'!L:L,INT((ROW()-2)/6)+2), INDEX('Form Responses'!P:P,INT((ROW()-2)/6)+2), INDEX('Form Responses'!T:T,INT((ROW()-2)/6)+2), INDEX('Form Responses'!X:X,INT((ROW()-2)/6)+2), INDEX('Form Responses'!AB:AB,INT((ROW()-2)/6)+2) ), IF(roll="","--NA--",roll) )} -> Rithish Krishna A | F37: {=LET( roll, CHOOSE( MOD(ROW()-2,6)+1, INDEX('Form Responses'!G:G,INT((ROW()-2)/6)+2), INDEX('Form Responses'!M:M,INT((ROW()-2)/6)+2), INDEX('Form Responses'!Q:Q,INT((ROW()-2)/6)+2), INDEX('Form Responses'!U:U,INT((ROW()-2)/6)+2), INDEX('Form Responses'!Y:Y,INT((ROW()-2)/6)+2), INDEX('Form Responses'!AC:AC,INT((ROW()-2)/6)+2) ), IF(roll="","--NA--",roll) )} -> II | G37: {=LET( roll, CHOOSE( MOD(ROW()-2,6)+1, INDEX('Form Responses'!H:H,INT((ROW()-2)/6)+2), INDEX('Form Responses'!N:N,INT((ROW()-2)/6)+2), INDEX('Form Responses'!R:R,INT((ROW()-2)/6)+2), INDEX('Form Responses'!V:V,INT((ROW()-2)/6)+2), INDEX('Form Responses'!Z:Z,INT((ROW()-2)/6)+2), INDEX('Form Responses'!AD:AD,INT((ROW()-2)/6)+2) ), IF(roll="","--NA--",roll) )} -> CSBS | H37: {=IF( MOD(ROW()-2,6)=0, INDEX('Form Responses'!I:I,INT((ROW()-2)/6)+2), "-- NA --" )} -> -- NA -- | I37: {=IF( MOD(ROW()-2,6)=0, INDEX('Form Responses'!J:J,INT((ROW()-2)/6)+2), "-- NA --" )} -> -- NA --
A38: 37 | B38: {=INDEX('Form Responses'!$C:$C,INT((ROW()-2)/6)+2)} -> Team Tech | C38: Team Leader | D38: {=LET( roll, CHOOSE( MOD(ROW()-2,6)+1, INDEX('Form Responses'!E:E,INT((ROW()-2)/6)+2), INDEX('Form Responses'!K:K,INT((ROW()-2)/6)+2), INDEX('Form Responses'!O:O,INT((ROW()-2)/6)+2), INDEX('Form Responses'!S:S,INT((ROW()-2)/6)+2), INDEX('Form Responses'!W:W,INT((ROW()-2)/6)+2), INDEX('Form Responses'!AA:AA,INT((ROW()-2)/6)+2) ), IF(roll="","--NA--",roll) )} -> 23CB051 | E38: {=LET( roll, CHOOSE( MOD(ROW()-2,6)+1, INDEX('Form Responses'!F:F,INT((ROW()-2)/6)+2), INDEX('Form Responses'!L:L,INT((ROW()-2)/6)+2), INDEX('Form Responses'!P:P,INT((ROW()-2)/6)+2), INDEX('Form Responses'!T:T,INT((ROW()-2)/6)+2), INDEX('Form Responses'!X:X,INT((ROW()-2)/6)+2), INDEX('Form Responses'!AB:AB,INT((ROW()-2)/6)+2) ), IF(roll="","--NA--",roll) )} -> SIVAVASHINI S | F38: {=LET( roll, CHOOSE( MOD(ROW()-2,6)+1, INDEX('Form Responses'!G:G,INT((ROW()-2)/6)+2), INDEX('Form Responses'!M:M,INT((ROW()-2)/6)+2), INDEX('Form Responses'!Q:Q,INT((ROW()-2)/6)+2), INDEX('Form Responses'!U:U,INT((ROW()-2)/6)+2), INDEX('Form Responses'!Y:Y,INT((ROW()-2)/6)+2), INDEX('Form Responses'!AC:AC,INT((ROW()-2)/6)+2) ), IF(roll="","--NA--",roll) )} -> IV | G38: {=LET( roll, CHOOSE( MOD(ROW()-2,6)+1, INDEX('Form Responses'!H:H,INT((ROW()-2)/6)+2), INDEX('Form Responses'!N:N,INT((ROW()-2)/6)+2), INDEX('Form Responses'!R:R,INT((ROW()-2)/6)+2), INDEX('Form Responses'!V:V,INT((ROW()-2)/6)+2), INDEX('Form Responses'!Z:Z,INT((ROW()-2)/6)+2), INDEX('Form Responses'!AD:AD,INT((ROW()-2)/6)+2) ), IF(roll="","--NA--",roll) )} -> CSBS | H38: {=IF( MOD(ROW()-2,6)=0, INDEX('Form Responses'!I:I,INT((ROW()-2)/6)+2), "-- NA --" )} -> 9003467635 | I38: {=IF( MOD(ROW()-2,6)=0, INDEX('Form Responses'!J:J,INT((ROW()-2)/6)+2), "-- NA --" )} -> sivavashini.s2023csbs@sece.ac.in | J38: {=INDEX('Form Responses'!$D:$D,INT((ROW()-2)/6)+2)} -> Software
A39: 38 | C39: Member 2 | D39: {=LET( roll, CHOOSE( MOD(ROW()-2,6)+1, INDEX('Form Responses'!E:E,INT((ROW()-2)/6)+2), INDEX('Form Responses'!K:K,INT((ROW()-2)/6)+2), INDEX('Form Responses'!O:O,INT((ROW()-2)/6)+2), INDEX('Form Responses'!S:S,INT((ROW()-2)/6)+2), INDEX('Form Responses'!W:W,INT((ROW()-2)/6)+2), INDEX('Form Responses'!AA:AA,INT((ROW()-2)/6)+2) ), IF(roll="","--NA--",roll) )} -> 23CB004 | E39: {=LET( roll, CHOOSE( MOD(ROW()-2,6)+1, INDEX('Form Responses'!F:F,INT((ROW()-2)/6)+2), INDEX('Form Responses'!L:L,INT((ROW()-2)/6)+2), INDEX('Form Responses'!P:P,INT((ROW()-2)/6)+2), INDEX('Form Responses'!T:T,INT((ROW()-2)/6)+2), INDEX('Form Responses'!X:X,INT((ROW()-2)/6)+2), INDEX('Form Responses'!AB:AB,INT((ROW()-2)/6)+2) ), IF(roll="","--NA--",roll) )} -> ANGUPRANISA U | F39: {=LET( roll, CHOOSE( MOD(ROW()-2,6)+1, INDEX('Form Responses'!G:G,INT((ROW()-2)/6)+2), INDEX('Form Responses'!M:M,INT((ROW()-2)/6)+2), INDEX('Form Responses'!Q:Q,INT((ROW()-2)/6)+2), INDEX('Form Responses'!U:U,INT((ROW()-2)/6)+2), INDEX('Form Responses'!Y:Y,INT((ROW()-2)/6)+2), INDEX('Form Responses'!AC:AC,INT((ROW()-2)/6)+2) ), IF(roll="","--NA--",roll) )} -> IV | G39: {=LET( roll, CHOOSE( MOD(ROW()-2,6)+1, INDEX('Form Responses'!H:H,INT((ROW()-2)/6)+2), INDEX('Form Responses'!N:N,INT((ROW()-2)/6)+2), INDEX('Form Responses'!R:R,INT((ROW()-2)/6)+2), INDEX('Form Responses'!V:V,INT((ROW()-2)/6)+2), INDEX('Form Responses'!Z:Z,INT((ROW()-2)/6)+2), INDEX('Form Responses'!AD:AD,INT((ROW()-2)/6)+2) ), IF(roll="","--NA--",roll) )} -> CSBS | H39: {=IF( MOD(ROW()-2,6)=0, INDEX('Form Responses'!I:I,INT((ROW()-2)/6)+2), "-- NA --" )} -> -- NA -- | I39: {=IF( MOD(ROW()-2,6)=0, INDEX('Form Responses'!J:J,INT((ROW()-2)/6)+2), "-- NA --" )} -> -- NA --
A40: 39 | C40: Member 3 | D40: {=LET( roll, CHOOSE( MOD(ROW()-2,6)+1, INDEX('Form Responses'!E:E,INT((ROW()-2)/6)+2), INDEX('Form Responses'!K:K,INT((ROW()-2)/6)+2), INDEX('Form Responses'!O:O,INT((ROW()-2)/6)+2), INDEX('Form Responses'!S:S,INT((ROW()-2)/6)+2), INDEX('Form Responses'!W:W,INT((ROW()-2)/6)+2), INDEX('Form Responses'!AA:AA,INT((ROW()-2)/6)+2) ), IF(roll="","--NA--",roll) )} -> 23AD116 | E40: {=LET( roll, CHOOSE( MOD(ROW()-2,6)+1, INDEX('Form Responses'!F:F,INT((ROW()-2)/6)+2), INDEX('Form Responses'!L:L,INT((ROW()-2)/6)+2), INDEX('Form Responses'!P:P,INT((ROW()-2)/6)+2), INDEX('Form Responses'!T:T,INT((ROW()-2)/6)+2), INDEX('Form Responses'!X:X,INT((ROW()-2)/6)+2), INDEX('Form Responses'!AB:AB,INT((ROW()-2)/6)+2) ), IF(roll="","--NA--",roll) )} -> SAKTHIVEL M | F40: {=LET( roll, CHOOSE( MOD(ROW()-2,6)+1, INDEX('Form Responses'!G:G,INT((ROW()-2)/6)+2), INDEX('Form Responses'!M:M,INT((ROW()-2)/6)+2), INDEX('Form Responses'!Q:Q,INT((ROW()-2)/6)+2), INDEX('Form Responses'!U:U,INT((ROW()-2)/6)+2), INDEX('Form Responses'!Y:Y,INT((ROW()-2)/6)+2), INDEX('Form Responses'!AC:AC,INT((ROW()-2)/6)+2) ), IF(roll="","--NA--",roll) )} -> IV | G40: {=LET( roll, CHOOSE( MOD(ROW()-2,6)+1, INDEX('Form Responses'!H:H,INT((ROW()-2)/6)+2), INDEX('Form Responses'!N:N,INT((ROW()-2)/6)+2), INDEX('Form Responses'!R:R,INT((ROW()-2)/6)+2), INDEX('Form Responses'!V:V,INT((ROW()-2)/6)+2), INDEX('Form Responses'!Z:Z,INT((ROW()-2)/6)+2), INDEX('Form Responses'!AD:AD,INT((ROW()-2)/6)+2) ), IF(roll="","--NA--",roll) )} -> AI & DS | H40: {=IF( MOD(ROW()-2,6)=0, INDEX('Form Responses'!I:I,INT((ROW()-2)/6)+2), "-- NA --" )} -> -- NA -- | I40: {=IF( MOD(ROW()-2,6)=0, INDEX('Form Responses'!J:J,INT((ROW()-2)/6)+2), "-- NA --" )} -> -- NA --
A41: 40 | C41: Member 4 | D41: {=LET( roll, CHOOSE( MOD(ROW()-2,6)+1, INDEX('Form Responses'!E:E,INT((ROW()-2)/6)+2), INDEX('Form Responses'!K:K,INT((ROW()-2)/6)+2), INDEX('Form Responses'!O:O,INT((ROW()-2)/6)+2), INDEX('Form Responses'!S:S,INT((ROW()-2)/6)+2), INDEX('Form Responses'!W:W,INT((ROW()-2)/6)+2), INDEX('Form Responses'!AA:AA,INT((ROW()-2)/6)+2) ), IF(roll="","--NA--",roll) )} -> 23AD118 | E41: {=LET( roll, CHOOSE( MOD(ROW()-2,6)+1, INDEX('Form Responses'!F:F,INT((ROW()-2)/6)+2), INDEX('Form Responses'!L:L,INT((ROW()-2)/6)+2), INDEX('Form Responses'!P:P,INT((ROW()-2)/6)+2), INDEX('Form Responses'!T:T,INT((ROW()-2)/6)+2), INDEX('Form Responses'!X:X,INT((ROW()-2)/6)+2), INDEX('Form Responses'!AB:AB,INT((ROW()-2)/6)+2) ), IF(roll="","--NA--",roll) )} -> SANDHYA A | F41: {=LET( roll, CHOOSE( MOD(ROW()-2,6)+1, INDEX('Form Responses'!G:G,INT((ROW()-2)/6)+2), INDEX('Form Responses'!M:M,INT((ROW()-2)/6)+2), INDEX('Form Responses'!Q:Q,INT((ROW()-2)/6)+2), INDEX('Form Responses'!U:U,INT((ROW()-2)/6)+2), INDEX('Form Responses'!Y:Y,INT((ROW()-2)/6)+2), INDEX('Form Responses'!AC:AC,INT((ROW()-2)/6)+2) ), IF(roll="","--NA--",roll) )} -> IV | G41: {=LET( roll, CHOOSE( MOD(ROW()-2,6)+1, INDEX('Form Responses'!H:H,INT((ROW()-2)/6)+2), INDEX('Form Responses'!N:N,INT((ROW()-2)/6)+2), INDEX('Form Responses'!R:R,INT((ROW()-2)/6)+2), INDEX('Form Responses'!V:V,INT((ROW()-2)/6)+2), INDEX('Form Responses'!Z:Z,INT((ROW()-2)/6)+2), INDEX('Form Responses'!AD:AD,INT((ROW()-2)/6)+2) ), IF(roll="","--NA--",roll) )} -> CSBS | H41: {=IF( MOD(ROW()-2,6)=0, INDEX('Form Responses'!I:I,INT((ROW()-2)/6)+2), "-- NA --" )} -> -- NA -- | I41: {=IF( MOD(ROW()-2,6)=0, INDEX('Form Responses'!J:J,INT((ROW()-2)/6)+2), "-- NA --" )} -> -- NA --
A42: 41 | C42: Member 5 | D42: {=LET( roll, CHOOSE( MOD(ROW()-2,6)+1, INDEX('Form Responses'!E:E,INT((ROW()-2)/6)+2), INDEX('Form Responses'!K:K,INT((ROW()-2)/6)+2), INDEX('Form Responses'!O:O,INT((ROW()-2)/6)+2), INDEX('Form Responses'!S:S,INT((ROW()-2)/6)+2), INDEX('Form Responses'!W:W,INT((ROW()-2)/6)+2), INDEX('Form Responses'!AA:AA,INT((ROW()-2)/6)+2) ), IF(roll="","--NA--",roll) )} -> 23CC044 | E42: {=LET( roll, CHOOSE( MOD(ROW()-2,6)+1, INDEX('Form Responses'!F:F,INT((ROW()-2)/6)+2), INDEX('Form Responses'!L:L,INT((ROW()-2)/6)+2), INDEX('Form Responses'!P:P,INT((ROW()-2)/6)+2), INDEX('Form Responses'!T:T,INT((ROW()-2)/6)+2), INDEX('Form Responses'!X:X,INT((ROW()-2)/6)+2), INDEX('Form Responses'!AB:AB,INT((ROW()-2)/6)+2) ), IF(roll="","--NA--",roll) )} -> SAMUVEL GIPSON S | F42: {=LET( roll, CHOOSE( MOD(ROW()-2,6)+1, INDEX('Form Responses'!G:G,INT((ROW()-2)/6)+2), INDEX('Form Responses'!M:M,INT((ROW()-2)/6)+2), INDEX('Form Responses'!Q:Q,INT((ROW()-2)/6)+2), INDEX('Form Responses'!U:U,INT((ROW()-2)/6)+2), INDEX('Form Responses'!Y:Y,INT((ROW()-2)/6)+2), INDEX('Form Responses'!AC:AC,INT((ROW()-2)/6)+2) ), IF(roll="","--NA--",roll) )} -> IV | G42: {=LET( roll, CHOOSE( MOD(ROW()-2,6)+1, INDEX('Form Responses'!H:H,INT((ROW()-2)/6)+2), INDEX('Form Responses'!N:N,INT((ROW()-2)/6)+2), INDEX('Form Responses'!R:R,INT((ROW()-2)/6)+2), INDEX('Form Responses'!V:V,INT((ROW()-2)/6)+2), INDEX('Form Responses'!Z:Z,INT((ROW()-2)/6)+2), INDEX('Form Responses'!AD:AD,INT((ROW()-2)/6)+2) ), IF(roll="","--NA--",roll) )} -> CCE | H42: {=IF( MOD(ROW()-2,6)=0, INDEX('Form Responses'!I:I,INT((ROW()-2)/6)+2), "-- NA --" )} -> -- NA -- | I42: {=IF( MOD(ROW()-2,6)=0, INDEX('Form Responses'!J:J,INT((ROW()-2)/6)+2), "-- NA --" )} -> -- NA --
A43: 42 | C43: Member 6 | D43: {=LET( roll, CHOOSE( MOD(ROW()-2,6)+1, INDEX('Form Responses'!E:E,INT((ROW()-2)/6)+2), INDEX('Form Responses'!K:K,INT((ROW()-2)/6)+2), INDEX('Form Responses'!O:O,INT((ROW()-2)/6)+2), INDEX('Form Responses'!S:S,INT((ROW()-2)/6)+2), INDEX('Form Responses'!W:W,INT((ROW()-2)/6)+2), INDEX('Form Responses'!AA:AA,INT((ROW()-2)/6)+2) ), IF(roll="","--NA--",roll) )} -> 23AD128 | E43: {=LET( roll, CHOOSE( MOD(ROW()-2,6)+1, INDEX('Form Responses'!F:F,INT((ROW()-2)/6)+2), INDEX('Form Responses'!L:L,INT((ROW()-2)/6)+2), INDEX('Form Responses'!P:P,INT((ROW()-2)/6)+2), INDEX('Form Responses'!T:T,INT((ROW()-2)/6)+2), INDEX('Form Responses'!X:X,INT((ROW()-2)/6)+2), INDEX('Form Responses'!AB:AB,INT((ROW()-2)/6)+2) ), IF(roll="","--NA--",roll) )} -> SELVAMOUNIKA K | F43: {=LET( roll, CHOOSE( MOD(ROW()-2,6)+1, INDEX('Form Responses'!G:G,INT((ROW()-2)/6)+2), INDEX('Form Responses'!M:M,INT((ROW()-2)/6)+2), INDEX('Form Responses'!Q:Q,INT((ROW()-2)/6)+2), INDEX('Form Responses'!U:U,INT((ROW()-2)/6)+2), INDEX('Form Responses'!Y:Y,INT((ROW()-2)/6)+2), INDEX('Form Responses'!AC:AC,INT((ROW()-2)/6)+2) ), IF(roll="","--NA--",roll) )} -> IV | G43: {=LET( roll, CHOOSE( MOD(ROW()-2,6)+1, INDEX('Form Responses'!H:H,INT((ROW()-2)/6)+2), INDEX('Form Responses'!N:N,INT((ROW()-2)/6)+2), INDEX('Form Responses'!R:R,INT((ROW()-2)/6)+2), INDEX('Form Responses'!V:V,INT((ROW()-2)/6)+2), INDEX('Form Responses'!Z:Z,INT((ROW()-2)/6)+2), INDEX('Form Responses'!AD:AD,INT((ROW()-2)/6)+2) ), IF(roll="","--NA--",roll) )} -> AI & DS | H43: {=IF( MOD(ROW()-2,6)=0, INDEX('Form Responses'!I:I,INT((ROW()-2)/6)+2), "-- NA --" )} -> -- NA -- | I43: {=IF( MOD(ROW()-2,6)=0, INDEX('Form Responses'!J:J,INT((ROW()-2)/6)+2), "-- NA --" )} -> -- NA --
A44: 43 | B44: {=INDEX('Form Responses'!$C:$C,INT((ROW()-2)/6)+2)} -> IDEAFORGE | C44: Team Leader | D44: {=LET( roll, CHOOSE( MOD(ROW()-2,6)+1, INDEX('Form Responses'!E:E,INT((ROW()-2)/6)+2), INDEX('Form Responses'!K:K,INT((ROW()-2)/6)+2), INDEX('Form Responses'!O:O,INT((ROW()-2)/6)+2), INDEX('Form Responses'!S:S,INT((ROW()-2)/6)+2), INDEX('Form Responses'!W:W,INT((ROW()-2)/6)+2), INDEX('Form Responses'!AA:AA,INT((ROW()-2)/6)+2) ), IF(roll="","--NA--",roll) )} -> 25CS007 | E44: {=LET( roll, CHOOSE( MOD(ROW()-2,6)+1, INDEX('Form Responses'!F:F,INT((ROW()-2)/6)+2), INDEX('Form Responses'!L:L,INT((ROW()-2)/6)+2), INDEX('Form Responses'!P:P,INT((ROW()-2)/6)+2), INDEX('Form Responses'!T:T,INT((ROW()-2)/6)+2), INDEX('Form Responses'!X:X,INT((ROW()-2)/6)+2), INDEX('Form Responses'!AB:AB,INT((ROW()-2)/6)+2) ), IF(roll="","--NA--",roll) )} -> AKSHAY SRINIVASAN | F44: {=LET( roll, CHOOSE( MOD(ROW()-2,6)+1, INDEX('Form Responses'!G:G,INT((ROW()-2)/6)+2), INDEX('Form Responses'!M:M,INT((ROW()-2)/6)+2), INDEX('Form Responses'!Q:Q,INT((ROW()-2)/6)+2), INDEX('Form Responses'!U:U,INT((ROW()-2)/6)+2), INDEX('Form Responses'!Y:Y,INT((ROW()-2)/6)+2), INDEX('Form Responses'!AC:AC,INT((ROW()-2)/6)+2) ), IF(roll="","--NA--",roll) )} -> II | G44: {=LET( roll, CHOOSE( MOD(ROW()-2,6)+1, INDEX('Form Responses'!H:H,INT((ROW()-2)/6)+2), INDEX('Form Responses'!N:N,INT((ROW()-2)/6)+2), INDEX('Form Responses'!R:R,INT((ROW()-2)/6)+2), INDEX('Form Responses'!V:V,INT((ROW()-2)/6)+2), INDEX('Form Responses'!Z:Z,INT((ROW()-2)/6)+2), INDEX('Form Responses'!AD:AD,INT((ROW()-2)/6)+2) ), IF(roll="","--NA--",roll) )} -> CSE | H44: {=IF( MOD(ROW()-2,6)=0, INDEX('Form Responses'!I:I,INT((ROW()-2)/6)+2), "-- NA --" )} -> 7873737353 | I44: {=IF( MOD(ROW()-2,6)=0, INDEX('Form Responses'!J:J,INT((ROW()-2)/6)+2), "-- NA --" )} -> akshaysrinivasan.2025cse@sece.ac.in | J44: {=INDEX('Form Responses'!$D:$D,INT((ROW()-2)/6)+2)} -> Software
A45: 44 | C45: Member 2 | D45: {=LET( roll, CHOOSE( MOD(ROW()-2,6)+1, INDEX('Form Responses'!E:E,INT((ROW()-2)/6)+2), INDEX('Form Responses'!K:K,INT((ROW()-2)/6)+2), INDEX('Form Responses'!O:O,INT((ROW()-2)/6)+2), INDEX('Form Responses'!S:S,INT((ROW()-2)/6)+2), INDEX('Form Responses'!W:W,INT((ROW()-2)/6)+2), INDEX('Form Responses'!AA:AA,INT((ROW()-2)/6)+2) ), IF(roll="","--NA--",roll) )} -> 25CS050 | E45: {=LET( roll, CHOOSE( MOD(ROW()-2,6)+1, INDEX('Form Responses'!F:F,INT((ROW()-2)/6)+2), INDEX('Form Responses'!L:L,INT((ROW()-2)/6)+2), INDEX('Form Responses'!P:P,INT((ROW()-2)/6)+2), INDEX('Form Responses'!T:T,INT((ROW()-2)/6)+2), INDEX('Form Responses'!X:X,INT((ROW()-2)/6)+2), INDEX('Form Responses'!AB:AB,INT((ROW()-2)/6)+2) ), IF(roll="","--NA--",roll) )} -> ELIYAS J | F45: {=LET( roll, CHOOSE( MOD(ROW()-2,6)+1, INDEX('Form Responses'!G:G,INT((ROW()-2)/6)+2), INDEX('Form Responses'!M:M,INT((ROW()-2)/6)+2), INDEX('Form Responses'!Q:Q,INT((ROW()-2)/6)+2), INDEX('Form Responses'!U:U,INT((ROW()-2)/6)+2), INDEX('Form Responses'!Y:Y,INT((ROW()-2)/6)+2), INDEX('Form Responses'!AC:AC,INT((ROW()-2)/6)+2) ), IF(roll="","--NA--",roll) )} -> II | G45: {=LET( roll, CHOOSE( MOD(ROW()-2,6)+1, INDEX('Form Responses'!H:H,INT((ROW()-2)/6)+2), INDEX('Form Responses'!N:N,INT((ROW()-2)/6)+2), INDEX('Form Responses'!R:R,INT((ROW()-2)/6)+2), INDEX('Form Responses'!V:V,INT((ROW()-2)/6)+2), INDEX('Form Responses'!Z:Z,INT((ROW()-2)/6)+2), INDEX('Form Responses'!AD:AD,INT((ROW()-2)/6)+2) ), IF(roll="","--NA--",roll) )} -> CSE | H45: {=IF( MOD(ROW()-2,6)=0, INDEX('Form Responses'!I:I,INT((ROW()-2)/6)+2), "-- NA --" )} -> -- NA -- | I45: {=IF( MOD(ROW()-2,6)=0, INDEX('Form Responses'!J:J,INT((ROW()-2)/6)+2), "-- NA --" )} -> -- NA --
A46: 45 | C46: Member 3 | D46: {=LET( roll, CHOOSE( MOD(ROW()-2,6)+1, INDEX('Form Responses'!E:E,INT((ROW()-2)/6)+2), INDEX('Form Responses'!K:K,INT((ROW()-2)/6)+2), INDEX('Form Responses'!O:O,INT((ROW()-2)/6)+2), INDEX('Form Responses'!S:S,INT((ROW()-2)/6)+2), INDEX('Form Responses'!W:W,INT((ROW()-2)/6)+2), INDEX('Form Responses'!AA:AA,INT((ROW()-2)/6)+2) ), IF(roll="","--NA--",roll) )} -> 25CS064 | E46: {=LET( roll, CHOOSE( MOD(ROW()-2,6)+1, INDEX('Form Responses'!F:F,INT((ROW()-2)/6)+2), INDEX('Form Responses'!L:L,INT((ROW()-2)/6)+2), INDEX('Form Responses'!P:P,INT((ROW()-2)/6)+2), INDEX('Form Responses'!T:T,INT((ROW()-2)/6)+2), INDEX('Form Responses'!X:X,INT((ROW()-2)/6)+2), INDEX('Form Responses'!AB:AB,INT((ROW()-2)/6)+2) ), IF(roll="","--NA--",roll) )} -> HARIHARAN S D | F46: {=LET( roll, CHOOSE( MOD(ROW()-2,6)+1, INDEX('Form Responses'!G:G,INT((ROW()-2)/6)+2), INDEX('Form Responses'!M:M,INT((ROW()-2)/6)+2), INDEX('Form Responses'!Q:Q,INT((ROW()-2)/6)+2), INDEX('Form Responses'!U:U,INT((ROW()-2)/6)+2), INDEX('Form Responses'!Y:Y,INT((ROW()-2)/6)+2), INDEX('Form Responses'!AC:AC,INT((ROW()-2)/6)+2) ), IF(roll="","--NA--",roll) )} -> II | G46: {=LET( roll, CHOOSE( MOD(ROW()-2,6)+1, INDEX('Form Responses'!H:H,INT((ROW()-2)/6)+2), INDEX('Form Responses'!N:N,INT((ROW()-2)/6)+2), INDEX('Form Responses'!R:R,INT((ROW()-2)/6)+2), INDEX('Form Responses'!V:V,INT((ROW()-2)/6)+2), INDEX('Form Responses'!Z:Z,INT((ROW()-2)/6)+2), INDEX('Form Responses'!AD:AD,INT((ROW()-2)/6)+2) ), IF(roll="","--NA--",roll) )} -> CSE | H46: {=IF( MOD(ROW()-2,6)=0, INDEX('Form Responses'!I:I,INT((ROW()-2)/6)+2), "-- NA --" )} -> -- NA -- | I46: {=IF( MOD(ROW()-2,6)=0, INDEX('Form Responses'!J:J,INT((ROW()-2)/6)+2), "-- NA --" )} -> -- NA --
A47: 46 | C47: Member 4 | D47: {=LET( roll, CHOOSE( MOD(ROW()-2,6)+1, INDEX('Form Responses'!E:E,INT((ROW()-2)/6)+2), INDEX('Form Responses'!K:K,INT((ROW()-2)/6)+2), INDEX('Form Responses'!O:O,INT((ROW()-2)/6)+2), INDEX('Form Responses'!S:S,INT((ROW()-2)/6)+2), INDEX('Form Responses'!W:W,INT((ROW()-2)/6)+2), INDEX('Form Responses'!AA:AA,INT((ROW()-2)/6)+2) ), IF(roll="","--NA--",roll) )} -> 25CS065 | E47: {=LET( roll, CHOOSE( MOD(ROW()-2,6)+1, INDEX('Form Responses'!F:F,INT((ROW()-2)/6)+2), INDEX('Form Responses'!L:L,INT((ROW()-2)/6)+2), INDEX('Form Responses'!P:P,INT((ROW()-2)/6)+2), INDEX('Form Responses'!T:T,INT((ROW()-2)/6)+2), INDEX('Form Responses'!X:X,INT((ROW()-2)/6)+2), INDEX('Form Responses'!AB:AB,INT((ROW()-2)/6)+2) ), IF(roll="","--NA--",roll) )} -> HARIKISHAN J | F47: {=LET( roll, CHOOSE( MOD(ROW()-2,6)+1, INDEX('Form Responses'!G:G,INT((ROW()-2)/6)+2), INDEX('Form Responses'!M:M,INT((ROW()-2)/6)+2), INDEX('Form Responses'!Q:Q,INT((ROW()-2)/6)+2), INDEX('Form Responses'!U:U,INT((ROW()-2)/6)+2), INDEX('Form Responses'!Y:Y,INT((ROW()-2)/6)+2), INDEX('Form Responses'!AC:AC,INT((ROW()-2)/6)+2) ), IF(roll="","--NA--",roll) )} -> II | G47: {=LET( roll, CHOOSE( MOD(ROW()-2,6)+1, INDEX('Form Responses'!H:H,INT((ROW()-2)/6)+2), INDEX('Form Responses'!N:N,INT((ROW()-2)/6)+2), INDEX('Form Responses'!R:R,INT((ROW()-2)/6)+2), INDEX('Form Responses'!V:V,INT((ROW()-2)/6)+2), INDEX('Form Responses'!Z:Z,INT((ROW()-2)/6)+2), INDEX('Form Responses'!AD:AD,INT((ROW()-2)/6)+2) ), IF(roll="","--NA--",roll) )} -> CSE | H47: {=IF( MOD(ROW()-2,6)=0, INDEX('Form Responses'!I:I,INT((ROW()-2)/6)+2), "-- NA --" )} -> -- NA -- | I47: {=IF( MOD(ROW()-2,6)=0, INDEX('Form Responses'!J:J,INT((ROW()-2)/6)+2), "-- NA --" )} -> -- NA --
A48: 47 | C48: Member 5 | D48: {=LET( roll, CHOOSE( MOD(ROW()-2,6)+1, INDEX('Form Responses'!E:E,INT((ROW()-2)/6)+2), INDEX('Form Responses'!K:K,INT((ROW()-2)/6)+2), INDEX('Form Responses'!O:O,INT((ROW()-2)/6)+2), INDEX('Form Responses'!S:S,INT((ROW()-2)/6)+2), INDEX('Form Responses'!W:W,INT((ROW()-2)/6)+2), INDEX('Form Responses'!AA:AA,INT((ROW()-2)/6)+2) ), IF(roll="","--NA--",roll) )} -> 25CS014 | E48: {=LET( roll, CHOOSE( MOD(ROW()-2,6)+1, INDEX('Form Responses'!F:F,INT((ROW()-2)/6)+2), INDEX('Form Responses'!L:L,INT((ROW()-2)/6)+2), INDEX('Form Responses'!P:P,INT((ROW()-2)/6)+2), INDEX('Form Responses'!T:T,INT((ROW()-2)/6)+2), INDEX('Form Responses'!X:X,INT((ROW()-2)/6)+2), INDEX('Form Responses'!AB:AB,INT((ROW()-2)/6)+2) ), IF(roll="","--NA--",roll) )} -> ASHEENA A | F48: {=LET( roll, CHOOSE( MOD(ROW()-2,6)+1, INDEX('Form Responses'!G:G,INT((ROW()-2)/6)+2), INDEX('Form Responses'!M:M,INT((ROW()-2)/6)+2), INDEX('Form Responses'!Q:Q,INT((ROW()-2)/6)+2), INDEX('Form Responses'!U:U,INT((ROW()-2)/6)+2), INDEX('Form Responses'!Y:Y,INT((ROW()-2)/6)+2), INDEX('Form Responses'!AC:AC,INT((ROW()-2)/6)+2) ), IF(roll="","--NA--",roll) )} -> II | G48: {=LET( roll, CHOOSE( MOD(ROW()-2,6)+1, INDEX('Form Responses'!H:H,INT((ROW()-2)/6)+2), INDEX('Form Responses'!N:N,INT((ROW()-2)/6)+2), INDEX('Form Responses'!R:R,INT((ROW()-2)/6)+2), INDEX('Form Responses'!V:V,INT((ROW()-2)/6)+2), INDEX('Form Responses'!Z:Z,INT((ROW()-2)/6)+2), INDEX('Form Responses'!AD:AD,INT((ROW()-2)/6)+2) ), IF(roll="","--NA--",roll) )} -> CSE | H48: {=IF( MOD(ROW()-2,6)=0, INDEX('Form Responses'!I:I,INT((ROW()-2)/6)+2), "-- NA --" )} -> -- NA -- | I48: {=IF( MOD(ROW()-2,6)=0, INDEX('Form Responses'!J:J,INT((ROW()-2)/6)+2), "-- NA --" )} -> -- NA --
A49: 48 | C49: Member 6 | D49: {=LET( roll, CHOOSE( MOD(ROW()-2,6)+1, INDEX('Form Responses'!E:E,INT((ROW()-2)/6)+2), INDEX('Form Responses'!K:K,INT((ROW()-2)/6)+2), INDEX('Form Responses'!O:O,INT((ROW()-2)/6)+2), INDEX('Form Responses'!S:S,INT((ROW()-2)/6)+2), INDEX('Form Responses'!W:W,INT((ROW()-2)/6)+2), INDEX('Form Responses'!AA:AA,INT((ROW()-2)/6)+2) ), IF(roll="","--NA--",roll) )} -> 25CS013 | E49: {=LET( roll, CHOOSE( MOD(ROW()-2,6)+1, INDEX('Form Responses'!F:F,INT((ROW()-2)/6)+2), INDEX('Form Responses'!L:L,INT((ROW()-2)/6)+2), INDEX('Form Responses'!P:P,INT((ROW()-2)/6)+2), INDEX('Form Responses'!T:T,INT((ROW()-2)/6)+2), INDEX('Form Responses'!X:X,INT((ROW()-2)/6)+2), INDEX('Form Responses'!AB:AB,INT((ROW()-2)/6)+2) ), IF(roll="","--NA--",roll) )} -> ARUN R | F49: {=LET( roll, CHOOSE( MOD(ROW()-2,6)+1, INDEX('Form Responses'!G:G,INT((ROW()-2)/6)+2), INDEX('Form Responses'!M:M,INT((ROW()-2)/6)+2), INDEX('Form Responses'!Q:Q,INT((ROW()-2)/6)+2), INDEX('Form Responses'!U:U,INT((ROW()-2)/6)+2), INDEX('Form Responses'!Y:Y,INT((ROW()-2)/6)+2), INDEX('Form Responses'!AC:AC,INT((ROW()-2)/6)+2) ), IF(roll="","--NA--",roll) )} -> II | G49: {=LET( roll, CHOOSE( MOD(ROW()-2,6)+1, INDEX('Form Responses'!H:H,INT((ROW()-2)/6)+2), INDEX('Form Responses'!N:N,INT((ROW()-2)/6)+2), INDEX('Form Responses'!R:R,INT((ROW()-2)/6)+2), INDEX('Form Responses'!V:V,INT((ROW()-2)/6)+2), INDEX('Form Responses'!Z:Z,INT((ROW()-2)/6)+2), INDEX('Form Responses'!AD:AD,INT((ROW()-2)/6)+2) ), IF(roll="","--NA--",roll) )} -> CSE | H49: {=IF( MOD(ROW()-2,6)=0, INDEX('Form Responses'!I:I,INT((ROW()-2)/6)+2), "-- NA --" )} -> -- NA -- | I49: {=IF( MOD(ROW()-2,6)=0, INDEX('Form Responses'!J:J,INT((ROW()-2)/6)+2), "-- NA --" )} -> -- NA --
A50: 49 | B50: {=INDEX('Form Responses'!$C:$C,INT((ROW()-2)/6)+2)} -> TEAM AURA | C50: Team Leader | D50: {=LET( roll, CHOOSE( MOD(ROW()-2,6)+1, INDEX('Form Responses'!E:E,INT((ROW()-2)/6)+2), INDEX('Form Responses'!K:K,INT((ROW()-2)/6)+2), INDEX('Form Responses'!O:O,INT((ROW()-2)/6)+2), INDEX('Form Responses'!S:S,INT((ROW()-2)/6)+2), INDEX('Form Responses'!W:W,INT((ROW()-2)/6)+2), INDEX('Form Responses'!AA:AA,INT((ROW()-2)/6)+2) ), IF(roll="","--NA--",roll) )} -> 25CB054 | E50: {=LET( roll, CHOOSE( MOD(ROW()-2,6)+1, INDEX('Form Responses'!F:F,INT((ROW()-2)/6)+2), INDEX('Form Responses'!L:L,INT((ROW()-2)/6)+2), INDEX('Form Responses'!P:P,INT((ROW()-2)/6)+2), INDEX('Form Responses'!T:T,INT((ROW()-2)/6)+2), INDEX('Form Responses'!X:X,INT((ROW()-2)/6)+2), INDEX('Form Responses'!AB:AB,INT((ROW()-2)/6)+2) ), IF(roll="","--NA--",roll) )} -> SRI DHARSAN S | F50: {=LET( roll, CHOOSE( MOD(ROW()-2,6)+1, INDEX('Form Responses'!G:G,INT((ROW()-2)/6)+2), INDEX('Form Responses'!M:M,INT((ROW()-2)/6)+2), INDEX('Form Responses'!Q:Q,INT((ROW()-2)/6)+2), INDEX('Form Responses'!U:U,INT((ROW()-2)/6)+2), INDEX('Form Responses'!Y:Y,INT((ROW()-2)/6)+2), INDEX('Form Responses'!AC:AC,INT((ROW()-2)/6)+2) ), IF(roll="","--NA--",roll) )} -> II | G50: {=LET( roll, CHOOSE( MOD(ROW()-2,6)+1, INDEX('Form Responses'!H:H,INT((ROW()-2)/6)+2), INDEX('Form Responses'!N:N,INT((ROW()-2)/6)+2), INDEX('Form Responses'!R:R,INT((ROW()-2)/6)+2), INDEX('Form Responses'!V:V,INT((ROW()-2)/6)+2), INDEX('Form Responses'!Z:Z,INT((ROW()-2)/6)+2), INDEX('Form Responses'!AD:AD,INT((ROW()-2)/6)+2) ), IF(roll="","--NA--",roll) )} -> CSBS | H50: {=IF( MOD(ROW()-2,6)=0, INDEX('Form Responses'!I:I,INT((ROW()-2)/6)+2), "-- NA --" )} -> 6369201441 | I50: {=IF( MOD(ROW()-2,6)=0, INDEX('Form Responses'!J:J,INT((ROW()-2)/6)+2), "-- NA --" )} -> sridharsan.s2025csbs@sece.ac.in | J50: {=INDEX('Form Responses'!$D:$D,INT((ROW()-2)/6)+2)} -> Software
A51: 50 | C51: Member 2 | D51: {=LET( roll, CHOOSE( MOD(ROW()-2,6)+1, INDEX('Form Responses'!E:E,INT((ROW()-2)/6)+2), INDEX('Form Responses'!K:K,INT((ROW()-2)/6)+2), INDEX('Form Responses'!O:O,INT((ROW()-2)/6)+2), INDEX('Form Responses'!S:S,INT((ROW()-2)/6)+2), INDEX('Form Responses'!W:W,INT((ROW()-2)/6)+2), INDEX('Form Responses'!AA:AA,INT((ROW()-2)/6)+2) ), IF(roll="","--NA--",roll) )} -> 25CB001 | E51: {=LET( roll, CHOOSE( MOD(ROW()-2,6)+1, INDEX('Form Responses'!F:F,INT((ROW()-2)/6)+2), INDEX('Form Responses'!L:L,INT((ROW()-2)/6)+2), INDEX('Form Responses'!P:P,INT((ROW()-2)/6)+2), INDEX('Form Responses'!T:T,INT((ROW()-2)/6)+2), INDEX('Form Responses'!X:X,INT((ROW()-2)/6)+2), INDEX('Form Responses'!AB:AB,INT((ROW()-2)/6)+2) ), IF(roll="","--NA--",roll) )} -> AKSHAYA VA | F51: {=LET( roll, CHOOSE( MOD(ROW()-2,6)+1, INDEX('Form Responses'!G:G,INT((ROW()-2)/6)+2), INDEX('Form Responses'!M:M,INT((ROW()-2)/6)+2), INDEX('Form Responses'!Q:Q,INT((ROW()-2)/6)+2), INDEX('Form Responses'!U:U,INT((ROW()-2)/6)+2), INDEX('Form Responses'!Y:Y,INT((ROW()-2)/6)+2), INDEX('Form Responses'!AC:AC,INT((ROW()-2)/6)+2) ), IF(roll="","--NA--",roll) )} -> II | G51: {=LET( roll, CHOOSE( MOD(ROW()-2,6)+1, INDEX('Form Responses'!H:H,INT((ROW()-2)/6)+2), INDEX('Form Responses'!N:N,INT((ROW()-2)/6)+2), INDEX('Form Responses'!R:R,INT((ROW()-2)/6)+2), INDEX('Form Responses'!V:V,INT((ROW()-2)/6)+2), INDEX('Form Responses'!Z:Z,INT((ROW()-2)/6)+2), INDEX('Form Responses'!AD:AD,INT((ROW()-2)/6)+2) ), IF(roll="","--NA--",roll) )} -> CSBS | H51: {=IF( MOD(ROW()-2,6)=0, INDEX('Form Responses'!I:I,INT((ROW()-2)/6)+2), "-- NA --" )} -> -- NA -- | I51: {=IF( MOD(ROW()-2,6)=0, INDEX('Form Responses'!J:J,INT((ROW()-2)/6)+2), "-- NA --" )} -> -- NA --
A52: 51 | C52: Member 3 | D52: {=LET( roll, CHOOSE( MOD(ROW()-2,6)+1, INDEX('Form Responses'!E:E,INT((ROW()-2)/6)+2), INDEX('Form Responses'!K:K,INT((ROW()-2)/6)+2), INDEX('Form Responses'!O:O,INT((ROW()-2)/6)+2), INDEX('Form Responses'!S:S,INT((ROW()-2)/6)+2), INDEX('Form Responses'!W:W,INT((ROW()-2)/6)+2), INDEX('Form Responses'!AA:AA,INT((ROW()-2)/6)+2) ), IF(roll="","--NA--",roll) )} -> 25CB035 | E52: {=LET( roll, CHOOSE( MOD(ROW()-2,6)+1, INDEX('Form Responses'!F:F,INT((ROW()-2)/6)+2), INDEX('Form Responses'!L:L,INT((ROW()-2)/6)+2), INDEX('Form Responses'!P:P,INT((ROW()-2)/6)+2), INDEX('Form Responses'!T:T,INT((ROW()-2)/6)+2), INDEX('Form Responses'!X:X,INT((ROW()-2)/6)+2), INDEX('Form Responses'!AB:AB,INT((ROW()-2)/6)+2) ), IF(roll="","--NA--",roll) )} -> PRANAV M | F52: {=LET( roll, CHOOSE( MOD(ROW()-2,6)+1, INDEX('Form Responses'!G:G,INT((ROW()-2)/6)+2), INDEX('Form Responses'!M:M,INT((ROW()-2)/6)+2), INDEX('Form Responses'!Q:Q,INT((ROW()-2)/6)+2), INDEX('Form Responses'!U:U,INT((ROW()-2)/6)+2), INDEX('Form Responses'!Y:Y,INT((ROW()-2)/6)+2), INDEX('Form Responses'!AC:AC,INT((ROW()-2)/6)+2) ), IF(roll="","--NA--",roll) )} -> II | G52: {=LET( roll, CHOOSE( MOD(ROW()-2,6)+1, INDEX('Form Responses'!H:H,INT((ROW()-2)/6)+2), INDEX('Form Responses'!N:N,INT((ROW()-2)/6)+2), INDEX('Form Responses'!R:R,INT((ROW()-2)/6)+2), INDEX('Form Responses'!V:V,INT((ROW()-2)/6)+2), INDEX('Form Responses'!Z:Z,INT((ROW()-2)/6)+2), INDEX('Form Responses'!AD:AD,INT((ROW()-2)/6)+2) ), IF(roll="","--NA--",roll) )} -> CSBS | H52: {=IF( MOD(ROW()-2,6)=0, INDEX('Form Responses'!I:I,INT((ROW()-2)/6)+2), "-- NA --" )} -> -- NA -- | I52: {=IF( MOD(ROW()-2,6)=0, INDEX('Form Responses'!J:J,INT((ROW()-2)/6)+2), "-- NA --" )} -> -- NA --
A53: 52 | C53: Member 4 | D53: {=LET( roll, CHOOSE( MOD(ROW()-2,6)+1, INDEX('Form Responses'!E:E,INT((ROW()-2)/6)+2), INDEX('Form Responses'!K:K,INT((ROW()-2)/6)+2), INDEX('Form Responses'!O:O,INT((ROW()-2)/6)+2), INDEX('Form Responses'!S:S,INT((ROW()-2)/6)+2), INDEX('Form Responses'!W:W,INT((ROW()-2)/6)+2), INDEX('Form Responses'!AA:AA,INT((ROW()-2)/6)+2) ), IF(roll="","--NA--",roll) )} -> 25CB021 | E53: {=LET( roll, CHOOSE( MOD(ROW()-2,6)+1, INDEX('Form Responses'!F:F,INT((ROW()-2)/6)+2), INDEX('Form Responses'!L:L,INT((ROW()-2)/6)+2), INDEX('Form Responses'!P:P,INT((ROW()-2)/6)+2), INDEX('Form Responses'!T:T,INT((ROW()-2)/6)+2), INDEX('Form Responses'!X:X,INT((ROW()-2)/6)+2), INDEX('Form Responses'!AB:AB,INT((ROW()-2)/6)+2) ), IF(roll="","--NA--",roll) )} -> JOSHITHAA SK | F53: {=LET( roll, CHOOSE( MOD(ROW()-2,6)+1, INDEX('Form Responses'!G:G,INT((ROW()-2)/6)+2), INDEX('Form Responses'!M:M,INT((ROW()-2)/6)+2), INDEX('Form Responses'!Q:Q,INT((ROW()-2)/6)+2), INDEX('Form Responses'!U:U,INT((ROW()-2)/6)+2), INDEX('Form Responses'!Y:Y,INT((ROW()-2)/6)+2), INDEX('Form Responses'!AC:AC,INT((ROW()-2)/6)+2) ), IF(roll="","--NA--",roll) )} -> II | G53: {=LET( roll, CHOOSE( MOD(ROW()-2,6)+1, INDEX('Form Responses'!H:H,INT((ROW()-2)/6)+2), INDEX('Form Responses'!N:N,INT((ROW()-2)/6)+2), INDEX('Form Responses'!R:R,INT((ROW()-2)/6)+2), INDEX('Form Responses'!V:V,INT((ROW()-2)/6)+2), INDEX('Form Responses'!Z:Z,INT((ROW()-2)/6)+2), INDEX('Form Responses'!AD:AD,INT((ROW()-2)/6)+2) ), IF(roll="","--NA--",roll) )} -> CSBS | H53: {=IF( MOD(ROW()-2,6)=0, INDEX('Form Responses'!I:I,INT((ROW()-2)/6)+2), "-- NA --" )} -> -- NA -- | I53: {=IF( MOD(ROW()-2,6)=0, INDEX('Form Responses'!J:J,INT((ROW()-2)/6)+2), "-- NA --" )} -> -- NA --
A54: 53 | C54: Member 5 | D54: {=LET( roll, CHOOSE( MOD(ROW()-2,6)+1, INDEX('Form Responses'!E:E,INT((ROW()-2)/6)+2), INDEX('Form Responses'!K:K,INT((ROW()-2)/6)+2), INDEX('Form Responses'!O:O,INT((ROW()-2)/6)+2), INDEX('Form Responses'!S:S,INT((ROW()-2)/6)+2), INDEX('Form Responses'!W:W,INT((ROW()-2)/6)+2), INDEX('Form Responses'!AA:AA,INT((ROW()-2)/6)+2) ), IF(roll="","--NA--",roll) )} -> 25EC084 | E54: {=LET( roll, CHOOSE( MOD(ROW()-2,6)+1, INDEX('Form Responses'!F:F,INT((ROW()-2)/6)+2), INDEX('Form Responses'!L:L,INT((ROW()-2)/6)+2), INDEX('Form Responses'!P:P,INT((ROW()-2)/6)+2), INDEX('Form Responses'!T:T,INT((ROW()-2)/6)+2), INDEX('Form Responses'!X:X,INT((ROW()-2)/6)+2), INDEX('Form Responses'!AB:AB,INT((ROW()-2)/6)+2) ), IF(roll="","--NA--",roll) )} -> LAKSHNA S | F54: {=LET( roll, CHOOSE( MOD(ROW()-2,6)+1, INDEX('Form Responses'!G:G,INT((ROW()-2)/6)+2), INDEX('Form Responses'!M:M,INT((ROW()-2)/6)+2), INDEX('Form Responses'!Q:Q,INT((ROW()-2)/6)+2), INDEX('Form Responses'!U:U,INT((ROW()-2)/6)+2), INDEX('Form Responses'!Y:Y,INT((ROW()-2)/6)+2), INDEX('Form Responses'!AC:AC,INT((ROW()-2)/6)+2) ), IF(roll="","--NA--",roll) )} -> II | G54: {=LET( roll, CHOOSE( MOD(ROW()-2,6)+1, INDEX('Form Responses'!H:H,INT((ROW()-2)/6)+2), INDEX('Form Responses'!N:N,INT((ROW()-2)/6)+2), INDEX('Form Responses'!R:R,INT((ROW()-2)/6)+2), INDEX('Form Responses'!V:V,INT((ROW()-2)/6)+2), INDEX('Form Responses'!Z:Z,INT((ROW()-2)/6)+2), INDEX('Form Responses'!AD:AD,INT((ROW()-2)/6)+2) ), IF(roll="","--NA--",roll) )} -> ECE | H54: {=IF( MOD(ROW()-2,6)=0, INDEX('Form Responses'!I:I,INT((ROW()-2)/6)+2), "-- NA --" )} -> -- NA -- | I54: {=IF( MOD(ROW()-2,6)=0, INDEX('Form Responses'!J:J,INT((ROW()-2)/6)+2), "-- NA --" )} -> -- NA --
A55: 54 | C55: Member 6 | D55: {=LET( roll, CHOOSE( MOD(ROW()-2,6)+1, INDEX('Form Responses'!E:E,INT((ROW()-2)/6)+2), INDEX('Form Responses'!K:K,INT((ROW()-2)/6)+2), INDEX('Form Responses'!O:O,INT((ROW()-2)/6)+2), INDEX('Form Responses'!S:S,INT((ROW()-2)/6)+2), INDEX('Form Responses'!W:W,INT((ROW()-2)/6)+2), INDEX('Form Responses'!AA:AA,INT((ROW()-2)/6)+2) ), IF(roll="","--NA--",roll) )} -> LATERAL | E55: {=LET( roll, CHOOSE( MOD(ROW()-2,6)+1, INDEX('Form Responses'!F:F,INT((ROW()-2)/6)+2), INDEX('Form Responses'!L:L,INT((ROW()-2)/6)+2), INDEX('Form Responses'!P:P,INT((ROW()-2)/6)+2), INDEX('Form Responses'!T:T,INT((ROW()-2)/6)+2), INDEX('Form Responses'!X:X,INT((ROW()-2)/6)+2), INDEX('Form Responses'!AB:AB,INT((ROW()-2)/6)+2) ), IF(roll="","--NA--",roll) )} -> MONIKKA SRI BG | F55: {=LET( roll, CHOOSE( MOD(ROW()-2,6)+1, INDEX('Form Responses'!G:G,INT((ROW()-2)/6)+2), INDEX('Form Responses'!M:M,INT((ROW()-2)/6)+2), INDEX('Form Responses'!Q:Q,INT((ROW()-2)/6)+2), INDEX('Form Responses'!U:U,INT((ROW()-2)/6)+2), INDEX('Form Responses'!Y:Y,INT((ROW()-2)/6)+2), INDEX('Form Responses'!AC:AC,INT((ROW()-2)/6)+2) ), IF(roll="","--NA--",roll) )} -> II | G55: {=LET( roll, CHOOSE( MOD(ROW()-2,6)+1, INDEX('Form Responses'!H:H,INT((ROW()-2)/6)+2), INDEX('Form Responses'!N:N,INT((ROW()-2)/6)+2), INDEX('Form Responses'!R:R,INT((ROW()-2)/6)+2), INDEX('Form Responses'!V:V,INT((ROW()-2)/6)+2), INDEX('Form Responses'!Z:Z,INT((ROW()-2)/6)+2), INDEX('Form Responses'!AD:AD,INT((ROW()-2)/6)+2) ), IF(roll="","--NA--",roll) )} -> ECE | H55: {=IF( MOD(ROW()-2,6)=0, INDEX('Form Responses'!I:I,INT((ROW()-2)/6)+2), "-- NA --" )} -> -- NA -- | I55: {=IF( MOD(ROW()-2,6)=0, INDEX('Form Responses'!J:J,INT((ROW()-2)/6)+2), "-- NA --" )} -> -- NA --
A56: 55 | B56: {=INDEX('Form Responses'!$C:$C,INT((ROW()-2)/6)+2)} -> Spark squad | C56: Team Leader | D56: {=LET( roll, CHOOSE( MOD(ROW()-2,6)+1, INDEX('Form Responses'!E:E,INT((ROW()-2)/6)+2), INDEX('Form Responses'!K:K,INT((ROW()-2)/6)+2), INDEX('Form Responses'!O:O,INT((ROW()-2)/6)+2), INDEX('Form Responses'!S:S,INT((ROW()-2)/6)+2), INDEX('Form Responses'!W:W,INT((ROW()-2)/6)+2), INDEX('Form Responses'!AA:AA,INT((ROW()-2)/6)+2) ), IF(roll="","--NA--",roll) )} -> 25CS186 | E56: {=LET( roll, CHOOSE( MOD(ROW()-2,6)+1, INDEX('Form Responses'!F:F,INT((ROW()-2)/6)+2), INDEX('Form Responses'!L:L,INT((ROW()-2)/6)+2), INDEX('Form Responses'!P:P,INT((ROW()-2)/6)+2), INDEX('Form Responses'!T:T,INT((ROW()-2)/6)+2), INDEX('Form Responses'!X:X,INT((ROW()-2)/6)+2), INDEX('Form Responses'!AB:AB,INT((ROW()-2)/6)+2) ), IF(roll="","--NA--",roll) )} -> V Rithika | F56: {=LET( roll, CHOOSE( MOD(ROW()-2,6)+1, INDEX('Form Responses'!G:G,INT((ROW()-2)/6)+2), INDEX('Form Responses'!M:M,INT((ROW()-2)/6)+2), INDEX('Form Responses'!Q:Q,INT((ROW()-2)/6)+2), INDEX('Form Responses'!U:U,INT((ROW()-2)/6)+2), INDEX('Form Responses'!Y:Y,INT((ROW()-2)/6)+2), INDEX('Form Responses'!AC:AC,INT((ROW()-2)/6)+2) ), IF(roll="","--NA--",roll) )} -> II | G56: {=LET( roll, CHOOSE( MOD(ROW()-2,6)+1, INDEX('Form Responses'!H:H,INT((ROW()-2)/6)+2), INDEX('Form Responses'!N:N,INT((ROW()-2)/6)+2), INDEX('Form Responses'!R:R,INT((ROW()-2)/6)+2), INDEX('Form Responses'!V:V,INT((ROW()-2)/6)+2), INDEX('Form Responses'!Z:Z,INT((ROW()-2)/6)+2), INDEX('Form Responses'!AD:AD,INT((ROW()-2)/6)+2) ), IF(roll="","--NA--",roll) )} -> CSE | H56: {=IF( MOD(ROW()-2,6)=0, INDEX('Form Responses'!I:I,INT((ROW()-2)/6)+2), "-- NA --" )} -> +91 76048 58266 | I56: {=IF( MOD(ROW()-2,6)=0, INDEX('Form Responses'!J:J,INT((ROW()-2)/6)+2), "-- NA --" )} -> rithika.v2025cse@sece.ac.in | J56: {=INDEX('Form Responses'!$D:$D,INT((ROW()-2)/6)+2)} -> Hardware
A57: 56 | C57: Member 2 | D57: {=LET( roll, CHOOSE( MOD(ROW()-2,6)+1, INDEX('Form Responses'!E:E,INT((ROW()-2)/6)+2), INDEX('Form Responses'!K:K,INT((ROW()-2)/6)+2), INDEX('Form Responses'!O:O,INT((ROW()-2)/6)+2), INDEX('Form Responses'!S:S,INT((ROW()-2)/6)+2), INDEX('Form Responses'!W:W,INT((ROW()-2)/6)+2), INDEX('Form Responses'!AA:AA,INT((ROW()-2)/6)+2) ), IF(roll="","--NA--",roll) )} -> 25CS187 | E57: {=LET( roll, CHOOSE( MOD(ROW()-2,6)+1, INDEX('Form Responses'!F:F,INT((ROW()-2)/6)+2), INDEX('Form Responses'!L:L,INT((ROW()-2)/6)+2), INDEX('Form Responses'!P:P,INT((ROW()-2)/6)+2), INDEX('Form Responses'!T:T,INT((ROW()-2)/6)+2), INDEX('Form Responses'!X:X,INT((ROW()-2)/6)+2), INDEX('Form Responses'!AB:AB,INT((ROW()-2)/6)+2) ), IF(roll="","--NA--",roll) )} -> Rithi Malya P K | F57: {=LET( roll, CHOOSE( MOD(ROW()-2,6)+1, INDEX('Form Responses'!G:G,INT((ROW()-2)/6)+2), INDEX('Form Responses'!M:M,INT((ROW()-2)/6)+2), INDEX('Form Responses'!Q:Q,INT((ROW()-2)/6)+2), INDEX('Form Responses'!U:U,INT((ROW()-2)/6)+2), INDEX('Form Responses'!Y:Y,INT((ROW()-2)/6)+2), INDEX('Form Responses'!AC:AC,INT((ROW()-2)/6)+2) ), IF(roll="","--NA--",roll) )} -> II | G57: {=LET( roll, CHOOSE( MOD(ROW()-2,6)+1, INDEX('Form Responses'!H:H,INT((ROW()-2)/6)+2), INDEX('Form Responses'!N:N,INT((ROW()-2)/6)+2), INDEX('Form Responses'!R:R,INT((ROW()-2)/6)+2), INDEX('Form Responses'!V:V,INT((ROW()-2)/6)+2), INDEX('Form Responses'!Z:Z,INT((ROW()-2)/6)+2), INDEX('Form Responses'!AD:AD,INT((ROW()-2)/6)+2) ), IF(roll="","--NA--",roll) )} -> CSE | H57: {=IF( MOD(ROW()-2,6)=0, INDEX('Form Responses'!I:I,INT((ROW()-2)/6)+2), "-- NA --" )} -> -- NA -- | I57: {=IF( MOD(ROW()-2,6)=0, INDEX('Form Responses'!J:J,INT((ROW()-2)/6)+2), "-- NA --" )} -> -- NA --
A58: 57 | C58: Member 3 | D58: {=LET( roll, CHOOSE( MOD(ROW()-2,6)+1, INDEX('Form Responses'!E:E,INT((ROW()-2)/6)+2), INDEX('Form Responses'!K:K,INT((ROW()-2)/6)+2), INDEX('Form Responses'!O:O,INT((ROW()-2)/6)+2), INDEX('Form Responses'!S:S,INT((ROW()-2)/6)+2), INDEX('Form Responses'!W:W,INT((ROW()-2)/6)+2), INDEX('Form Responses'!AA:AA,INT((ROW()-2)/6)+2) ), IF(roll="","--NA--",roll) )} -> 25AD116 | E58: {=LET( roll, CHOOSE( MOD(ROW()-2,6)+1, INDEX('Form Responses'!F:F,INT((ROW()-2)/6)+2), INDEX('Form Responses'!L:L,INT((ROW()-2)/6)+2), INDEX('Form Responses'!P:P,INT((ROW()-2)/6)+2), INDEX('Form Responses'!T:T,INT((ROW()-2)/6)+2), INDEX('Form Responses'!X:X,INT((ROW()-2)/6)+2), INDEX('Form Responses'!AB:AB,INT((ROW()-2)/6)+2) ), IF(roll="","--NA--",roll) )} -> Mahanth P | F58: {=LET( roll, CHOOSE( MOD(ROW()-2,6)+1, INDEX('Form Responses'!G:G,INT((ROW()-2)/6)+2), INDEX('Form Responses'!M:M,INT((ROW()-2)/6)+2), INDEX('Form Responses'!Q:Q,INT((ROW()-2)/6)+2), INDEX('Form Responses'!U:U,INT((ROW()-2)/6)+2), INDEX('Form Responses'!Y:Y,INT((ROW()-2)/6)+2), INDEX('Form Responses'!AC:AC,INT((ROW()-2)/6)+2) ), IF(roll="","--NA--",roll) )} -> II | G58: {=LET( roll, CHOOSE( MOD(ROW()-2,6)+1, INDEX('Form Responses'!H:H,INT((ROW()-2)/6)+2), INDEX('Form Responses'!N:N,INT((ROW()-2)/6)+2), INDEX('Form Responses'!R:R,INT((ROW()-2)/6)+2), INDEX('Form Responses'!V:V,INT((ROW()-2)/6)+2), INDEX('Form Responses'!Z:Z,INT((ROW()-2)/6)+2), INDEX('Form Responses'!AD:AD,INT((ROW()-2)/6)+2) ), IF(roll="","--NA--",roll) )} -> AI & DS | H58: {=IF( MOD(ROW()-2,6)=0, INDEX('Form Responses'!I:I,INT((ROW()-2)/6)+2), "-- NA --" )} -> -- NA -- | I58: {=IF( MOD(ROW()-2,6)=0, INDEX('Form Responses'!J:J,INT((ROW()-2)/6)+2), "-- NA --" )} -> -- NA --
A59: 58 | C59: Member 4 | D59: {=LET( roll, CHOOSE( MOD(ROW()-2,6)+1, INDEX('Form Responses'!E:E,INT((ROW()-2)/6)+2), INDEX('Form Responses'!K:K,INT((ROW()-2)/6)+2), INDEX('Form Responses'!O:O,INT((ROW()-2)/6)+2), INDEX('Form Responses'!S:S,INT((ROW()-2)/6)+2), INDEX('Form Responses'!W:W,INT((ROW()-2)/6)+2), INDEX('Form Responses'!AA:AA,INT((ROW()-2)/6)+2) ), IF(roll="","--NA--",roll) )} -> 25AD109 | E59: {=LET( roll, CHOOSE( MOD(ROW()-2,6)+1, INDEX('Form Responses'!F:F,INT((ROW()-2)/6)+2), INDEX('Form Responses'!L:L,INT((ROW()-2)/6)+2), INDEX('Form Responses'!P:P,INT((ROW()-2)/6)+2), INDEX('Form Responses'!T:T,INT((ROW()-2)/6)+2), INDEX('Form Responses'!X:X,INT((ROW()-2)/6)+2), INDEX('Form Responses'!AB:AB,INT((ROW()-2)/6)+2) ), IF(roll="","--NA--",roll) )} -> Kunal B | F59: {=LET( roll, CHOOSE( MOD(ROW()-2,6)+1, INDEX('Form Responses'!G:G,INT((ROW()-2)/6)+2), INDEX('Form Responses'!M:M,INT((ROW()-2)/6)+2), INDEX('Form Responses'!Q:Q,INT((ROW()-2)/6)+2), INDEX('Form Responses'!U:U,INT((ROW()-2)/6)+2), INDEX('Form Responses'!Y:Y,INT((ROW()-2)/6)+2), INDEX('Form Responses'!AC:AC,INT((ROW()-2)/6)+2) ), IF(roll="","--NA--",roll) )} -> II | G59: {=LET( roll, CHOOSE( MOD(ROW()-2,6)+1, INDEX('Form Responses'!H:H,INT((ROW()-2)/6)+2), INDEX('Form Responses'!N:N,INT((ROW()-2)/6)+2), INDEX('Form Responses'!R:R,INT((ROW()-2)/6)+2), INDEX('Form Responses'!V:V,INT((ROW()-2)/6)+2), INDEX('Form Responses'!Z:Z,INT((ROW()-2)/6)+2), INDEX('Form Responses'!AD:AD,INT((ROW()-2)/6)+2) ), IF(roll="","--NA--",roll) )} -> AI & DS | H59: {=IF( MOD(ROW()-2,6)=0, INDEX('Form Responses'!I:I,INT((ROW()-2)/6)+2), "-- NA --" )} -> -- NA -- | I59: {=IF( MOD(ROW()-2,6)=0, INDEX('Form Responses'!J:J,INT((ROW()-2)/6)+2), "-- NA --" )} -> -- NA --
A60: 59 | C60: Member 5 | D60: {=LET( roll, CHOOSE( MOD(ROW()-2,6)+1, INDEX('Form Responses'!E:E,INT((ROW()-2)/6)+2), INDEX('Form Responses'!K:K,INT((ROW()-2)/6)+2), INDEX('Form Responses'!O:O,INT((ROW()-2)/6)+2), INDEX('Form Responses'!S:S,INT((ROW()-2)/6)+2), INDEX('Form Responses'!W:W,INT((ROW()-2)/6)+2), INDEX('Form Responses'!AA:AA,INT((ROW()-2)/6)+2) ), IF(roll="","--NA--",roll) )} -> 25AD115 | E60: {=LET( roll, CHOOSE( MOD(ROW()-2,6)+1, INDEX('Form Responses'!F:F,INT((ROW()-2)/6)+2), INDEX('Form Responses'!L:L,INT((ROW()-2)/6)+2), INDEX('Form Responses'!P:P,INT((ROW()-2)/6)+2), INDEX('Form Responses'!T:T,INT((ROW()-2)/6)+2), INDEX('Form Responses'!X:X,INT((ROW()-2)/6)+2), INDEX('Form Responses'!AB:AB,INT((ROW()-2)/6)+2) ), IF(roll="","--NA--",roll) )} -> Mahanithi M.A | F60: {=LET( roll, CHOOSE( MOD(ROW()-2,6)+1, INDEX('Form Responses'!G:G,INT((ROW()-2)/6)+2), INDEX('Form Responses'!M:M,INT((ROW()-2)/6)+2), INDEX('Form Responses'!Q:Q,INT((ROW()-2)/6)+2), INDEX('Form Responses'!U:U,INT((ROW()-2)/6)+2), INDEX('Form Responses'!Y:Y,INT((ROW()-2)/6)+2), INDEX('Form Responses'!AC:AC,INT((ROW()-2)/6)+2) ), IF(roll="","--NA--",roll) )} -> II | G60: {=LET( roll, CHOOSE( MOD(ROW()-2,6)+1, INDEX('Form Responses'!H:H,INT((ROW()-2)/6)+2), INDEX('Form Responses'!N:N,INT((ROW()-2)/6)+2), INDEX('Form Responses'!R:R,INT((ROW()-2)/6)+2), INDEX('Form Responses'!V:V,INT((ROW()-2)/6)+2), INDEX('Form Responses'!Z:Z,INT((ROW()-2)/6)+2), INDEX('Form Responses'!AD:AD,INT((ROW()-2)/6)+2) ), IF(roll="","--NA--",roll) )} -> AI & DS | H60: {=IF( MOD(ROW()-2,6)=0, INDEX('Form Responses'!I:I,INT((ROW()-2)/6)+2), "-- NA --" )} -> -- NA -- | I60: {=IF( MOD(ROW()-2,6)=0, INDEX('Form Responses'!J:J,INT((ROW()-2)/6)+2), "-- NA --" )} -> -- NA --
A61: 60 | C61: Member 6 | D61: {=LET( roll, CHOOSE( MOD(ROW()-2,6)+1, INDEX('Form Responses'!E:E,INT((ROW()-2)/6)+2), INDEX('Form Responses'!K:K,INT((ROW()-2)/6)+2), INDEX('Form Responses'!O:O,INT((ROW()-2)/6)+2), INDEX('Form Responses'!S:S,INT((ROW()-2)/6)+2), INDEX('Form Responses'!W:W,INT((ROW()-2)/6)+2), INDEX('Form Responses'!AA:AA,INT((ROW()-2)/6)+2) ), IF(roll="","--NA--",roll) )} -> 25AM011 | E61: {=LET( roll, CHOOSE( MOD(ROW()-2,6)+1, INDEX('Form Responses'!F:F,INT((ROW()-2)/6)+2), INDEX('Form Responses'!L:L,INT((ROW()-2)/6)+2), INDEX('Form Responses'!P:P,INT((ROW()-2)/6)+2), INDEX('Form Responses'!T:T,INT((ROW()-2)/6)+2), INDEX('Form Responses'!X:X,INT((ROW()-2)/6)+2), INDEX('Form Responses'!AB:AB,INT((ROW()-2)/6)+2) ), IF(roll="","--NA--",roll) )} -> Bavishyaa | F61: {=LET( roll, CHOOSE( MOD(ROW()-2,6)+1, INDEX('Form Responses'!G:G,INT((ROW()-2)/6)+2), INDEX('Form Responses'!M:M,INT((ROW()-2)/6)+2), INDEX('Form Responses'!Q:Q,INT((ROW()-2)/6)+2), INDEX('Form Responses'!U:U,INT((ROW()-2)/6)+2), INDEX('Form Responses'!Y:Y,INT((ROW()-2)/6)+2), INDEX('Form Responses'!AC:AC,INT((ROW()-2)/6)+2) ), IF(roll="","--NA--",roll) )} -> II | G61: {=LET( roll, CHOOSE( MOD(ROW()-2,6)+1, INDEX('Form Responses'!H:H,INT((ROW()-2)/6)+2), INDEX('Form Responses'!N:N,INT((ROW()-2)/6)+2), INDEX('Form Responses'!R:R,INT((ROW()-2)/6)+2), INDEX('Form Responses'!V:V,INT((ROW()-2)/6)+2), INDEX('Form Responses'!Z:Z,INT((ROW()-2)/6)+2), INDEX('Form Responses'!AD:AD,INT((ROW()-2)/6)+2) ), IF(roll="","--NA--",roll) )} -> CSE (AIML) | H61: {=IF( MOD(ROW()-2,6)=0, INDEX('Form Responses'!I:I,INT((ROW()-2)/6)+2), "-- NA --" )} -> -- NA -- | I61: {=IF( MOD(ROW()-2,6)=0, INDEX('Form Responses'!J:J,INT((ROW()-2)/6)+2), "-- NA --" )} -> -- NA --
A62: 61 | B62: {=INDEX('Form Responses'!$C:$C,INT((ROW()-2)/6)+2)} -> Tech Vortex | C62: Team Leader | D62: {=LET( roll, CHOOSE( MOD(ROW()-2,6)+1, INDEX('Form Responses'!E:E,INT((ROW()-2)/6)+2), INDEX('Form Responses'!K:K,INT((ROW()-2)/6)+2), INDEX('Form Responses'!O:O,INT((ROW()-2)/6)+2), INDEX('Form Responses'!S:S,INT((ROW()-2)/6)+2), INDEX('Form Responses'!W:W,INT((ROW()-2)/6)+2), INDEX('Form Responses'!AA:AA,INT((ROW()-2)/6)+2) ), IF(roll="","--NA--",roll) )} -> 25CS174 | E62: {=LET( roll, CHOOSE( MOD(ROW()-2,6)+1, INDEX('Form Responses'!F:F,INT((ROW()-2)/6)+2), INDEX('Form Responses'!L:L,INT((ROW()-2)/6)+2), INDEX('Form Responses'!P:P,INT((ROW()-2)/6)+2), INDEX('Form Responses'!T:T,INT((ROW()-2)/6)+2), INDEX('Form Responses'!X:X,INT((ROW()-2)/6)+2), INDEX('Form Responses'!AB:AB,INT((ROW()-2)/6)+2) ), IF(roll="","--NA--",roll) )} -> PRAVEEN.G | F62: {=LET( roll, CHOOSE( MOD(ROW()-2,6)+1, INDEX('Form Responses'!G:G,INT((ROW()-2)/6)+2), INDEX('Form Responses'!M:M,INT((ROW()-2)/6)+2), INDEX('Form Responses'!Q:Q,INT((ROW()-2)/6)+2), INDEX('Form Responses'!U:U,INT((ROW()-2)/6)+2), INDEX('Form Responses'!Y:Y,INT((ROW()-2)/6)+2), INDEX('Form Responses'!AC:AC,INT((ROW()-2)/6)+2) ), IF(roll="","--NA--",roll) )} -> II | G62: {=LET( roll, CHOOSE( MOD(ROW()-2,6)+1, INDEX('Form Responses'!H:H,INT((ROW()-2)/6)+2), INDEX('Form Responses'!N:N,INT((ROW()-2)/6)+2), INDEX('Form Responses'!R:R,INT((ROW()-2)/6)+2), INDEX('Form Responses'!V:V,INT((ROW()-2)/6)+2), INDEX('Form Responses'!Z:Z,INT((ROW()-2)/6)+2), INDEX('Form Responses'!AD:AD,INT((ROW()-2)/6)+2) ), IF(roll="","--NA--",roll) )} -> CSE | H62: {=IF( MOD(ROW()-2,6)=0, INDEX('Form Responses'!I:I,INT((ROW()-2)/6)+2), "-- NA --" )} -> 8680008969 | I62: {=IF( MOD(ROW()-2,6)=0, INDEX('Form Responses'!J:J,INT((ROW()-2)/6)+2), "-- NA --" )} -> praveen.g2025cse@sece.ac.in | J62: {=INDEX('Form Responses'!$D:$D,INT((ROW()-2)/6)+2)} -> Software
A63: 62 | C63: Member 2 | D63: {=LET( roll, CHOOSE( MOD(ROW()-2,6)+1, INDEX('Form Responses'!E:E,INT((ROW()-2)/6)+2), INDEX('Form Responses'!K:K,INT((ROW()-2)/6)+2), INDEX('Form Responses'!O:O,INT((ROW()-2)/6)+2), INDEX('Form Responses'!S:S,INT((ROW()-2)/6)+2), INDEX('Form Responses'!W:W,INT((ROW()-2)/6)+2), INDEX('Form Responses'!AA:AA,INT((ROW()-2)/6)+2) ), IF(roll="","--NA--",roll) )} -> 25CS164 | E63: {=LET( roll, CHOOSE( MOD(ROW()-2,6)+1, INDEX('Form Responses'!F:F,INT((ROW()-2)/6)+2), INDEX('Form Responses'!L:L,INT((ROW()-2)/6)+2), INDEX('Form Responses'!P:P,INT((ROW()-2)/6)+2), INDEX('Form Responses'!T:T,INT((ROW()-2)/6)+2), INDEX('Form Responses'!X:X,INT((ROW()-2)/6)+2), INDEX('Form Responses'!AB:AB,INT((ROW()-2)/6)+2) ), IF(roll="","--NA--",roll) )} -> PARTHIV SRIRAM B | F63: {=LET( roll, CHOOSE( MOD(ROW()-2,6)+1, INDEX('Form Responses'!G:G,INT((ROW()-2)/6)+2), INDEX('Form Responses'!M:M,INT((ROW()-2)/6)+2), INDEX('Form Responses'!Q:Q,INT((ROW()-2)/6)+2), INDEX('Form Responses'!U:U,INT((ROW()-2)/6)+2), INDEX('Form Responses'!Y:Y,INT((ROW()-2)/6)+2), INDEX('Form Responses'!AC:AC,INT((ROW()-2)/6)+2) ), IF(roll="","--NA--",roll) )} -> II | G63: {=LET( roll, CHOOSE( MOD(ROW()-2,6)+1, INDEX('Form Responses'!H:H,INT((ROW()-2)/6)+2), INDEX('Form Responses'!N:N,INT((ROW()-2)/6)+2), INDEX('Form Responses'!R:R,INT((ROW()-2)/6)+2), INDEX('Form Responses'!V:V,INT((ROW()-2)/6)+2), INDEX('Form Responses'!Z:Z,INT((ROW()-2)/6)+2), INDEX('Form Responses'!AD:AD,INT((ROW()-2)/6)+2) ), IF(roll="","--NA--",roll) )} -> CSE | H63: {=IF( MOD(ROW()-2,6)=0, INDEX('Form Responses'!I:I,INT((ROW()-2)/6)+2), "-- NA --" )} -> -- NA -- | I63: {=IF( MOD(ROW()-2,6)=0, INDEX('Form Responses'!J:J,INT((ROW()-2)/6)+2), "-- NA --" )} -> -- NA --
A64: 63 | C64: Member 3 | D64: {=LET( roll, CHOOSE( MOD(ROW()-2,6)+1, INDEX('Form Responses'!E:E,INT((ROW()-2)/6)+2), INDEX('Form Responses'!K:K,INT((ROW()-2)/6)+2), INDEX('Form Responses'!O:O,INT((ROW()-2)/6)+2), INDEX('Form Responses'!S:S,INT((ROW()-2)/6)+2), INDEX('Form Responses'!W:W,INT((ROW()-2)/6)+2), INDEX('Form Responses'!AA:AA,INT((ROW()-2)/6)+2) ), IF(roll="","--NA--",roll) )} -> 25CS179 | E64: {=LET( roll, CHOOSE( MOD(ROW()-2,6)+1, INDEX('Form Responses'!F:F,INT((ROW()-2)/6)+2), INDEX('Form Responses'!L:L,INT((ROW()-2)/6)+2), INDEX('Form Responses'!P:P,INT((ROW()-2)/6)+2), INDEX('Form Responses'!T:T,INT((ROW()-2)/6)+2), INDEX('Form Responses'!X:X,INT((ROW()-2)/6)+2), INDEX('Form Responses'!AB:AB,INT((ROW()-2)/6)+2) ), IF(roll="","--NA--",roll) )} -> RAGAV CS | F64: {=LET( roll, CHOOSE( MOD(ROW()-2,6)+1, INDEX('Form Responses'!G:G,INT((ROW()-2)/6)+2), INDEX('Form Responses'!M:M,INT((ROW()-2)/6)+2), INDEX('Form Responses'!Q:Q,INT((ROW()-2)/6)+2), INDEX('Form Responses'!U:U,INT((ROW()-2)/6)+2), INDEX('Form Responses'!Y:Y,INT((ROW()-2)/6)+2), INDEX('Form Responses'!AC:AC,INT((ROW()-2)/6)+2) ), IF(roll="","--NA--",roll) )} -> II | G64: {=LET( roll, CHOOSE( MOD(ROW()-2,6)+1, INDEX('Form Responses'!H:H,INT((ROW()-2)/6)+2), INDEX('Form Responses'!N:N,INT((ROW()-2)/6)+2), INDEX('Form Responses'!R:R,INT((ROW()-2)/6)+2), INDEX('Form Responses'!V:V,INT((ROW()-2)/6)+2), INDEX('Form Responses'!Z:Z,INT((ROW()-2)/6)+2), INDEX('Form Responses'!AD:AD,INT((ROW()-2)/6)+2) ), IF(roll="","--NA--",roll) )} -> CSE | H64: {=IF( MOD(ROW()-2,6)=0, INDEX('Form Responses'!I:I,INT((ROW()-2)/6)+2), "-- NA --" )} -> -- NA -- | I64: {=IF( MOD(ROW()-2,6)=0, INDEX('Form Responses'!J:J,INT((ROW()-2)/6)+2), "-- NA --" )} -> -- NA --
A65: 64 | C65: Member 4 | D65: {=LET( roll, CHOOSE( MOD(ROW()-2,6)+1, INDEX('Form Responses'!E:E,INT((ROW()-2)/6)+2), INDEX('Form Responses'!K:K,INT((ROW()-2)/6)+2), INDEX('Form Responses'!O:O,INT((ROW()-2)/6)+2), INDEX('Form Responses'!S:S,INT((ROW()-2)/6)+2), INDEX('Form Responses'!W:W,INT((ROW()-2)/6)+2), INDEX('Form Responses'!AA:AA,INT((ROW()-2)/6)+2) ), IF(roll="","--NA--",roll) )} -> 25CS185 | E65: {=LET( roll, CHOOSE( MOD(ROW()-2,6)+1, INDEX('Form Responses'!F:F,INT((ROW()-2)/6)+2), INDEX('Form Responses'!L:L,INT((ROW()-2)/6)+2), INDEX('Form Responses'!P:P,INT((ROW()-2)/6)+2), INDEX('Form Responses'!T:T,INT((ROW()-2)/6)+2), INDEX('Form Responses'!X:X,INT((ROW()-2)/6)+2), INDEX('Form Responses'!AB:AB,INT((ROW()-2)/6)+2) ), IF(roll="","--NA--",roll) )} -> RITHIKA P | F65: {=LET( roll, CHOOSE( MOD(ROW()-2,6)+1, INDEX('Form Responses'!G:G,INT((ROW()-2)/6)+2), INDEX('Form Responses'!M:M,INT((ROW()-2)/6)+2), INDEX('Form Responses'!Q:Q,INT((ROW()-2)/6)+2), INDEX('Form Responses'!U:U,INT((ROW()-2)/6)+2), INDEX('Form Responses'!Y:Y,INT((ROW()-2)/6)+2), INDEX('Form Responses'!AC:AC,INT((ROW()-2)/6)+2) ), IF(roll="","--NA--",roll) )} -> II | G65: {=LET( roll, CHOOSE( MOD(ROW()-2,6)+1, INDEX('Form Responses'!H:H,INT((ROW()-2)/6)+2), INDEX('Form Responses'!N:N,INT((ROW()-2)/6)+2), INDEX('Form Responses'!R:R,INT((ROW()-2)/6)+2), INDEX('Form Responses'!V:V,INT((ROW()-2)/6)+2), INDEX('Form Responses'!Z:Z,INT((ROW()-2)/6)+2), INDEX('Form Responses'!AD:AD,INT((ROW()-2)/6)+2) ), IF(roll="","--NA--",roll) )} -> CSE | H65: {=IF( MOD(ROW()-2,6)=0, INDEX('Form Responses'!I:I,INT((ROW()-2)/6)+2), "-- NA --" )} -> -- NA -- | I65: {=IF( MOD(ROW()-2,6)=0, INDEX('Form Responses'!J:J,INT((ROW()-2)/6)+2), "-- NA --" )} -> -- NA --
